Sort,Field Name,Field Alias,Type,Length,Relevant Layer,Metric Type,Version
1,OBJECTID,OBJECTID,Integer,4,n/a,n/a,Nov-21
2,Shape,Shape,Geometry,n/a,n/a,n/a,Nov-21
3,Shape_Length,Shape_Length,Double,8,n/a,n/a,Nov-21
4,Shape_Area,Shape_Area,Double,8,n/a,n/a,Nov-21
5,STATE,State Name,String,250,All,n/a,Nov-21
6,STATEABBRV,State Name Abbreviation,String,20,All,n/a,Nov-21
7,STATEFIPS,State FIPS Code,String,20,All,n/a,Nov-21
8,COUNTY,County Name,String,250,All,n/a,Nov-21
9,COUNTYTYPE,County Type,String,250,All,n/a,Nov-21
10,COUNTYFIPS,County FIPS Code,String,20,All,n/a,Nov-21
11,STCOFIPS,State-County FIPS Code,String,20,All,n/a,Nov-21
12,TRACT,Census Tract,String,20,All,n/a,Nov-21
13,TRACTFIPS,Census Tract FIPS Code,String,20,All,n/a,Nov-21
14,NRI_ID,National Risk Index ID,String,20,All,n/a,Nov-21
15,POPULATION,Population (2016),Integer,4,All,n/a,Nov-21
16,BUILDVALUE,Building Value ($),Double,8,All,n/a,Nov-21
17,AGRIVALUE,Agriculture Value ($),Double,8,All,n/a,Nov-21
18,AREA,Area (sq mi),Double,8,All,n/a,Nov-21
19,RISK_SCORE,National Risk Index - Score - Composite,Double,8,National Risk Index,Score,Nov-21
20,RISK_RATNG,National Risk Index - Rating - Composite,String,50,National Risk Index,Rating,Nov-21
21,RISK_NPCTL,National Risk Index - National Percentile - Composite,Double,8,National Risk Index,National Percentile,Nov-21
22,RISK_SPCTL,National Risk Index - State Percentile - Composite,Double,8,National Risk Index,State Percentile,Nov-21
23,EAL_SCORE,Expected Annual Loss - Score - Composite,Double,8,Expected Annual Loss,Score,Nov-21
24,EAL_RATNG,Expected Annual Loss - Rating - Composite,String,50,Expected Annual Loss,Rating,Nov-21
25,EAL_NPCTL,Expected Annual Loss - National Percentile - Composite,Double,8,Expected Annual Loss,National Percentile,Nov-21
26,EAL_SPCTL,Expected Annual Loss - State Percentile - Composite,Double,8,Expected Annual Loss,State Percentile,Nov-21
27,EAL_VALT,Expected Annual Loss - Total - Composite,Double,8,Expected Annual Loss,Value,Nov-21
28,EAL_VALB,Expected Annual Loss - Building Value - Composite,Double,8,Expected Annual Loss,Value,Nov-21
29,EAL_VALP,Expected Annual Loss - Population - Composite,Double,8,Expected Annual Loss,Value,Nov-21
30,EAL_VALPE,Expected Annual Loss - Population Equivalence - Composite,Double,8,Expected Annual Loss,Value,Nov-21
31,EAL_VALA,Expected Annual Loss - Agriculture Value - Composite,Double,8,Expected Annual Loss,Value,Nov-21
32,SOVI_SCORE,Social Vulnerability - Score,Double,8,Social Vulnerability,Score,Nov-21
33,SOVI_RATNG,Social Vulnerability - Rating,String,50,Social Vulnerability,Rating,Nov-21
34,SOVI_NPCTL,Social Vulnerability - National Percentile,Double,8,Social Vulnerability,National Percentile,Nov-21
35,SOVI_SPCTL,Social Vulnerability - State Percentile,Double,8,Social Vulnerability,State Percentile,Nov-21
36,SOVI_VALUE,Social Vulnerability - Value,Double,8,Social Vulnerability,Value,Nov-21
37,RESL_SCORE,Community Resilience - Score,Double,8,Community Resilience,Score,Nov-21
38,RESL_RATNG,Community Resilience - Rating,String,50,Community Resilience,Rating,Nov-21
39,RESL_NPCTL,Community Resilience - National Percentile,Double,8,Community Resilience,National Percentile,Nov-21
40,RESL_SPCTL,Community Resilience - State Percentile,Double,8,Community Resilience,State Percentile,Nov-21
41,RESL_VALUE,Community Resilience - Value,Double,8,Community Resilience,Value,Nov-21
42,AVLN_EVNTS,Avalanche - Number of Events,Double,8,Avalanche,Number of Events,Nov-21
43,AVLN_AFREQ,Avalanche - Annualized Frequency,Double,8,Avalanche,Annualized Frequency,Nov-21
44,AVLN_EXPB,Avalanche - Exposure - Building Value,Double,8,Avalanche,Exposure - Building Value,Nov-21
45,AVLN_EXPP,Avalanche - Exposure - Population,Double,8,Avalanche,Exposure - Population,Nov-21
46,AVLN_EXPPE,Avalanche - Exposure - Population Equivalence,Double,8,Avalanche,Exposure - Population Equivalence,Nov-21
47,AVLN_EXPT,Avalanche - Exposure - Total,Double,8,Avalanche,Exposure - Total,Nov-21
48,AVLN_HLRB,Avalanche - Historic Loss Ratio - Buildings,Double,8,Avalanche,Historic Loss Ratio - Buildings,Nov-21
49,AVLN_HLRP,Avalanche - Historic Loss Ratio - Population,Double,8,Avalanche,Historic Loss Ratio - Population,Nov-21
50,AVLN_HLRR,Avalanche - Historic Loss Ratio - Total Rating,String,50,Avalanche,Historic Loss Ratio - Total Rating,Nov-21
51,AVLN_EALB,Avalanche - Expected Annual Loss - Building Value,Double,8,Avalanche,Expected Annual Loss - Building Value,Nov-21
52,AVLN_EALP,Avalanche - Expected Annual Loss - Population,Double,8,Avalanche,Expected Annual Loss - Population,Nov-21
53,AVLN_EALPE,Avalanche - Expected Annual Loss - Population Equivalence,Double,8,Avalanche,Expected Annual Loss - Population Equivalence,Nov-21
54,AVLN_EALT,Avalanche - Expected Annual Loss - Total,Double,8,Avalanche,Expected Annual Loss - Total,Nov-21
55,AVLN_EALS,Avalanche - Expected Annual Loss Score,Double,8,Avalanche,Expected Annual Loss Score,Nov-21
56,AVLN_EALR,Avalanche - Expected Annual Loss Rating,String,50,Avalanche,Expected Annual Loss Rating,Nov-21
57,AVLN_RISKS,Avalanche - Hazard Type Risk Index Score,Double,8,Avalanche,Hazard Type Risk Index Score,Nov-21
58,AVLN_RISKR,Avalanche - Hazard Type Risk Index Rating,String,50,Avalanche,Hazard Type Risk Index Rating,Nov-21
59,CFLD_EVNTS,Coastal Flooding - Number of Events,Double,8,Coastal Flooding,Number of Events,Nov-21
60,CFLD_AFREQ,Coastal Flooding - Annualized Frequency,Double,8,Coastal Flooding,Annualized Frequency,Nov-21
61,CFLD_EXPB,Coastal Flooding - Exposure - Building Value,Double,8,Coastal Flooding,Exposure - Building Value,Nov-21
62,CFLD_EXPP,Coastal Flooding - Exposure - Population,Double,8,Coastal Flooding,Exposure - Population,Nov-21
63,CFLD_EXPPE,Coastal Flooding - Exposure - Population Equivalence,Double,8,Coastal Flooding,Exposure - Population Equivalence,Nov-21
64,CFLD_EXPT,Coastal Flooding - Exposure - Total,Double,8,Coastal Flooding,Exposure - Total,Nov-21
65,CFLD_HLRB,Coastal Flooding - Historic Loss Ratio - Buildings,Double,8,Coastal Flooding,Historic Loss Ratio - Buildings,Nov-21
66,CFLD_HLRP,Coastal Flooding - Historic Loss Ratio - Population,Double,8,Coastal Flooding,Historic Loss Ratio - Population,Nov-21
67,CFLD_HLRR,Coastal Flooding - Historic Loss Ratio - Total Rating,String,50,Coastal Flooding,Historic Loss Ratio - Total Rating,Nov-21
68,CFLD_EALB,Coastal Flooding - Expected Annual Loss - Building Value,Double,8,Coastal Flooding,Expected Annual Loss - Building Value,Nov-21
69,CFLD_EALP,Coastal Flooding - Expected Annual Loss - Population,Double,8,Coastal Flooding,Expected Annual Loss - Population,Nov-21
70,CFLD_EALPE,Coastal Flooding - Expected Annual Loss - Population Equivalence,Double,8,Coastal Flooding,Expected Annual Loss - Population Equivalence,Nov-21
71,CFLD_EALT,Coastal Flooding - Expected Annual Loss - Total,Double,8,Coastal Flooding,Expected Annual Loss - Total,Nov-21
72,CFLD_EALS,Coastal Flooding - Expected Annual Loss Score,Double,8,Coastal Flooding,Expected Annual Loss Score,Nov-21
73,CFLD_EALR,Coastal Flooding - Expected Annual Loss Rating,String,50,Coastal Flooding,Expected Annual Loss Rating,Nov-21
74,CFLD_RISKS,Coastal Flooding - Hazard Type Risk Index Score,Double,8,Coastal Flooding,Hazard Type Risk Index Score,Nov-21
75,CFLD_RISKR,Coastal Flooding - Hazard Type Risk Index Rating,String,50,Coastal Flooding,Hazard Type Risk Index Rating,Nov-21
76,CWAV_EVNTS,Cold Wave - Number of Events,Double,8,Cold Wave,Number of Events,Nov-21
77,CWAV_AFREQ,Cold Wave - Annualized Frequency,Double,8,Cold Wave,Annualized Frequency,Nov-21
78,CWAV_EXPB,Cold Wave - Exposure - Building Value,Double,8,Cold Wave,Exposure - Building Value,Nov-21
79,CWAV_EXPP,Cold Wave - Exposure - Population,Double,8,Cold Wave,Exposure - Population,Nov-21
80,CWAV_EXPPE,Cold Wave - Exposure - Population Equivalence,Double,8,Cold Wave,Exposure - Population Equivalence,Nov-21
81,CWAV_EXPA,Cold Wave - Exposure - Agriculture Value,Double,8,Cold Wave,Exposure - Agriculture Value,Nov-21
82,CWAV_EXPT,Cold Wave - Exposure - Total,Double,8,Cold Wave,Exposure - Total,Nov-21
83,CWAV_HLRB,Cold Wave - Historic Loss Ratio - Buildings,Double,8,Cold Wave,Historic Loss Ratio - Buildings,Nov-21
84,CWAV_HLRP,Cold Wave - Historic Loss Ratio - Population,Double,8,Cold Wave,Historic Loss Ratio - Population,Nov-21
85,CWAV_HLRA,Cold Wave - Historic Loss Ratio - Agriculture,Double,8,Cold Wave,Historic Loss Ratio - Agriculture,Nov-21
86,CWAV_HLRR,Cold Wave - Historic Loss Ratio - Total Rating,String,50,Cold Wave,Historic Loss Ratio - Total Rating,Nov-21
87,CWAV_EALB,Cold Wave - Expected Annual Loss - Building Value,Double,8,Cold Wave,Expected Annual Loss - Building Value,Nov-21
88,CWAV_EALP,Cold Wave - Expected Annual Loss - Population,Double,8,Cold Wave,Expected Annual Loss - Population,Nov-21
89,CWAV_EALPE,Cold Wave - Expected Annual Loss - Population Equivalence,Double,8,Cold Wave,Expected Annual Loss - Population Equivalence,Nov-21
90,CWAV_EALA,Cold Wave - Expected Annual Loss - Agriculture Value,Double,8,Cold Wave,Expected Annual Loss - Agriculture Value,Nov-21
91,CWAV_EALT,Cold Wave - Expected Annual Loss - Total,Double,8,Cold Wave,Expected Annual Loss - Total,Nov-21
92,CWAV_EALS,Cold Wave - Expected Annual Loss Score,Double,8,Cold Wave,Expected Annual Loss Score,Nov-21
93,CWAV_EALR,Cold Wave - Expected Annual Loss Rating,String,50,Cold Wave,Expected Annual Loss Rating,Nov-21
94,CWAV_RISKS,Cold Wave - Hazard Type Risk Index Score,Double,8,Cold Wave,Hazard Type Risk Index Score,Nov-21
95,CWAV_RISKR,Cold Wave - Hazard Type Risk Index Rating,String,50,Cold Wave,Hazard Type Risk Index Rating,Nov-21
96,DRGT_EVNTS,Drought - Number of Events,Double,8,Drought,Number of Events,Nov-21
97,DRGT_AFREQ,Drought - Annualized Frequency,Double,8,Drought,Annualized Frequency,Nov-21
98,DRGT_EXPA,Drought - Exposure - Agriculture Value,Double,8,Drought,Exposure - Agriculture Value,Nov-21
99,DRGT_EXPT,Drought - Exposure - Total,Double,8,Drought,Exposure - Total,Nov-21
100,DRGT_HLRA,Drought - Historic Loss Ratio - Agriculture,Double,8,Drought,Historic Loss Ratio - Agriculture,Nov-21
101,DRGT_HLRR,Drought - Historic Loss Ratio - Total Rating,String,50,Drought,Historic Loss Ratio - Total Rating,Nov-21
102,DRGT_EALA,Drought - Expected Annual Loss - Agriculture Value,Double,8,Drought,Expected Annual Loss - Agriculture Value,Nov-21
103,DRGT_EALT,Drought - Expected Annual Loss - Total,Double,8,Drought,Expected Annual Loss - Total,Nov-21
104,DRGT_EALS,Drought - Expected Annual Loss Score,Double,8,Drought,Expected Annual Loss Score,Nov-21
105,DRGT_EALR,Drought - Expected Annual Loss Rating,String,50,Drought,Expected Annual Loss Rating,Nov-21
106,DRGT_RISKS,Drought - Hazard Type Risk Index Score,Double,8,Drought,Hazard Type Risk Index Score,Nov-21
107,DRGT_RISKR,Drought - Hazard Type Risk Index Rating,String,50,Drought,Hazard Type Risk Index Rating,Nov-21
108,ERQK_EVNTS,Earthquake - Number of Events,Double,8,Earthquake,Number of Events,Nov-21
109,ERQK_AFREQ,Earthquake - Annualized Frequency,Double,8,Earthquake,Annualized Frequency,Nov-21
110,ERQK_EXPB,Earthquake - Exposure - Building Value,Double,8,Earthquake,Exposure - Building Value,Nov-21
111,ERQK_EXPP,Earthquake - Exposure - Population,Double,8,Earthquake,Exposure - Population,Nov-21
112,ERQK_EXPPE,Earthquake - Exposure - Population Equivalence,Double,8,Earthquake,Exposure - Population Equivalence,Nov-21
113,ERQK_EXPT,Earthquake - Exposure - Total,Double,8,Earthquake,Exposure - Total,Nov-21
114,ERQK_HLRB,Earthquake - Historic Loss Ratio - Buildings,Double,8,Earthquake,Historic Loss Ratio - Buildings,Nov-21
115,ERQK_HLRP,Earthquake - Historic Loss Ratio - Population,Double,8,Earthquake,Historic Loss Ratio - Population,Nov-21
116,ERQK_HLRR,Earthquake - Historic Loss Ratio - Total Rating,String,50,Earthquake,Historic Loss Ratio - Total Rating,Nov-21
117,ERQK_EALB,Earthquake - Expected Annual Loss - Building Value,Double,8,Earthquake,Expected Annual Loss - Building Value,Nov-21
118,ERQK_EALP,Earthquake - Expected Annual Loss - Population,Double,8,Earthquake,Expected Annual Loss - Population,Nov-21
119,ERQK_EALPE,Earthquake - Expected Annual Loss - Population Equivalence,Double,8,Earthquake,Expected Annual Loss - Population Equivalence,Nov-21
120,ERQK_EALT,Earthquake - Expected Annual Loss - Total,Double,8,Earthquake,Expected Annual Loss - Total,Nov-21
121,ERQK_EALS,Earthquake - Expected Annual Loss Score,Double,8,Earthquake,Expected Annual Loss Score,Nov-21
122,ERQK_EALR,Earthquake - Expected Annual Loss Rating,String,50,Earthquake,Expected Annual Loss Rating,Nov-21
123,ERQK_RISKS,Earthquake - Hazard Type Risk Index Score,Double,8,Earthquake,Hazard Type Risk Index Score,Nov-21
124,ERQK_RISKR,Earthquake - Hazard Type Risk Index Rating,String,50,Earthquake,Hazard Type Risk Index Rating,Nov-21
125,HAIL_EVNTS,Hail - Number of Events,Double,8,Hail,Number of Events,Nov-21
126,HAIL_AFREQ,Hail - Annualized Frequency,Double,8,Hail,Annualized Frequency,Nov-21
127,HAIL_EXPB,Hail - Exposure - Building Value,Double,8,Hail,Exposure - Building Value,Nov-21
128,HAIL_EXPP,Hail - Exposure - Population,Double,8,Hail,Exposure - Population,Nov-21
129,HAIL_EXPPE,Hail - Exposure - Population Equivalence,Double,8,Hail,Exposure - Population Equivalence,Nov-21
130,HAIL_EXPA,Hail - Exposure - Agriculture Value,Double,8,Hail,Exposure - Agriculture Value,Nov-21
131,HAIL_EXPT,Hail - Exposure - Total,Double,8,Hail,Exposure - Total,Nov-21
132,HAIL_HLRB,Hail - Historic Loss Ratio - Buildings,Double,8,Hail,Historic Loss Ratio - Buildings,Nov-21
133,HAIL_HLRP,Hail - Historic Loss Ratio - Population,Double,8,Hail,Historic Loss Ratio - Population,Nov-21
134,HAIL_HLRA,Hail - Historic Loss Ratio - Agriculture,Double,8,Hail,Historic Loss Ratio - Agriculture,Nov-21
135,HAIL_HLRR,Hail - Historic Loss Ratio - Total Rating,String,50,Hail,Historic Loss Ratio - Total Rating,Nov-21
136,HAIL_EALB,Hail - Expected Annual Loss - Building Value,Double,8,Hail,Expected Annual Loss - Building Value,Nov-21
137,HAIL_EALP,Hail - Expected Annual Loss - Population,Double,8,Hail,Expected Annual Loss - Population,Nov-21
138,HAIL_EALPE,Hail - Expected Annual Loss - Population Equivalence,Double,8,Hail,Expected Annual Loss - Population Equivalence,Nov-21
139,HAIL_EALA,Hail - Expected Annual Loss - Agriculture Value,Double,8,Hail,Expected Annual Loss - Agriculture Value,Nov-21
140,HAIL_EALT,Hail - Expected Annual Loss - Total,Double,8,Hail,Expected Annual Loss - Total,Nov-21
141,HAIL_EALS,Hail - Expected Annual Loss Score,Double,8,Hail,Expected Annual Loss Score,Nov-21
142,HAIL_EALR,Hail - Expected Annual Loss Rating,String,50,Hail,Expected Annual Loss Rating,Nov-21
143,HAIL_RISKS,Hail - Hazard Type Risk Index Score,Double,8,Hail,Hazard Type Risk Index Score,Nov-21
144,HAIL_RISKR,Hail - Hazard Type Risk Index Rating,String,50,Hail,Hazard Type Risk Index Rating,Nov-21
145,HWAV_EVNTS,Heat Wave - Number of Events,Double,8,Heat Wave,Number of Events,Nov-21
146,HWAV_AFREQ,Heat Wave - Annualized Frequency,Double,8,Heat Wave,Annualized Frequency,Nov-21
147,HWAV_EXPB,Heat Wave - Exposure - Building Value,Double,8,Heat Wave,Exposure - Building Value,Nov-21
148,HWAV_EXPP,Heat Wave - Exposure - Population,Double,8,Heat Wave,Exposure - Population,Nov-21
149,HWAV_EXPPE,Heat Wave - Exposure - Population Equivalence,Double,8,Heat Wave,Exposure - Population Equivalence,Nov-21
150,HWAV_EXPA,Heat Wave - Exposure - Agriculture Value,Double,8,Heat Wave,Exposure - Agriculture Value,Nov-21
151,HWAV_EXPT,Heat Wave - Exposure - Total,Double,8,Heat Wave,Exposure - Total,Nov-21
152,HWAV_HLRB,Heat Wave - Historic Loss Ratio - Buildings,Double,8,Heat Wave,Historic Loss Ratio - Buildings,Nov-21
153,HWAV_HLRP,Heat Wave - Historic Loss Ratio - Population,Double,8,Heat Wave,Historic Loss Ratio - Population,Nov-21
154,HWAV_HLRA,Heat Wave - Historic Loss Ratio - Agriculture,Double,8,Heat Wave,Historic Loss Ratio - Agriculture,Nov-21
155,HWAV_HLRR,Heat Wave - Historic Loss Ratio - Total Rating,String,50,Heat Wave,Historic Loss Ratio - Total Rating,Nov-21
156,HWAV_EALB,Heat Wave - Expected Annual Loss - Building Value,Double,8,Heat Wave,Expected Annual Loss - Building Value,Nov-21
157,HWAV_EALP,Heat Wave - Expected Annual Loss - Population,Double,8,Heat Wave,Expected Annual Loss - Population,Nov-21
158,HWAV_EALPE,Heat Wave - Expected Annual Loss - Population Equivalence,Double,8,Heat Wave,Expected Annual Loss - Population Equivalence,Nov-21
159,HWAV_EALA,Heat Wave - Expected Annual Loss - Agriculture Value,Double,8,Heat Wave,Expected Annual Loss - Agriculture Value,Nov-21
160,HWAV_EALT,Heat Wave - Expected Annual Loss - Total,Double,8,Heat Wave,Expected Annual Loss - Total,Nov-21
161,HWAV_EALS,Heat Wave - Expected Annual Loss Score,Double,8,Heat Wave,Expected Annual Loss Score,Nov-21
162,HWAV_EALR,Heat Wave - Expected Annual Loss Rating,String,50,Heat Wave,Expected Annual Loss Rating,Nov-21
163,HWAV_RISKS,Heat Wave - Hazard Type Risk Index Score,Double,8,Heat Wave,Hazard Type Risk Index Score,Nov-21
164,HWAV_RISKR,Heat Wave - Hazard Type Risk Index Rating,String,50,Heat Wave,Hazard Type Risk Index Rating,Nov-21
165,HRCN_EVNTS,Hurricane - Number of Events,Double,8,Hurricane,Number of Events,Nov-21
166,HRCN_AFREQ,Hurricane - Annualized Frequency,Double,8,Hurricane,Annualized Frequency,Nov-21
167,HRCN_EXPB,Hurricane - Exposure - Building Value,Double,8,Hurricane,Exposure - Building Value,Nov-21
168,HRCN_EXPP,Hurricane - Exposure - Population,Double,8,Hurricane,Exposure - Population,Nov-21
169,HRCN_EXPPE,Hurricane - Exposure - Population Equivalence,Double,8,Hurricane,Exposure - Population Equivalence,Nov-21
170,HRCN_EXPA,Hurricane - Exposure - Agriculture Value,Double,8,Hurricane,Exposure - Agriculture Value,Nov-21
171,HRCN_EXPT,Hurricane - Exposure - Total,Double,8,Hurricane,Exposure - Total,Nov-21
172,HRCN_HLRB,Hurricane - Historic Loss Ratio - Buildings,Double,8,Hurricane,Historic Loss Ratio - Buildings,Nov-21
173,HRCN_HLRP,Hurricane - Historic Loss Ratio - Population,Double,8,Hurricane,Historic Loss Ratio - Population,Nov-21
174,HRCN_HLRA,Hurricane - Historic Loss Ratio - Agriculture,Double,8,Hurricane,Historic Loss Ratio - Agriculture,Nov-21
175,HRCN_HLRR,Hurricane - Historic Loss Ratio - Total Rating,String,50,Hurricane,Historic Loss Ratio - Total Rating,Nov-21
176,HRCN_EALB,Hurricane - Expected Annual Loss - Building Value,Double,8,Hurricane,Expected Annual Loss - Building Value,Nov-21
177,HRCN_EALP,Hurricane - Expected Annual Loss - Population,Double,8,Hurricane,Expected Annual Loss - Population,Nov-21
178,HRCN_EALPE,Hurricane - Expected Annual Loss - Population Equivalence,Double,8,Hurricane,Expected Annual Loss - Population Equivalence,Nov-21
179,HRCN_EALA,Hurricane - Expected Annual Loss - Agriculture Value,Double,8,Hurricane,Expected Annual Loss - Agriculture Value,Nov-21
180,HRCN_EALT,Hurricane - Expected Annual Loss - Total,Double,8,Hurricane,Expected Annual Loss - Total,Nov-21
181,HRCN_EALS,Hurricane - Expected Annual Loss Score,Double,8,Hurricane,Expected Annual Loss Score,Nov-21
182,HRCN_EALR,Hurricane - Expected Annual Loss Rating,String,50,Hurricane,Expected Annual Loss Rating,Nov-21
183,HRCN_RISKS,Hurricane - Hazard Type Risk Index Score,Double,8,Hurricane,Hazard Type Risk Index Score,Nov-21
184,HRCN_RISKR,Hurricane - Hazard Type Risk Index Rating,String,50,Hurricane,Hazard Type Risk Index Rating,Nov-21
185,ISTM_EVNTS,Ice Storm - Number of Events,Double,8,Ice Storm,Number of Events,Nov-21
186,ISTM_AFREQ,Ice Storm - Annualized Frequency,Double,8,Ice Storm,Annualized Frequency,Nov-21
187,ISTM_EXPB,Ice Storm - Exposure - Building Value,Double,8,Ice Storm,Exposure - Building Value,Nov-21
188,ISTM_EXPP,Ice Storm - Exposure - Population,Double,8,Ice Storm,Exposure - Population,Nov-21
189,ISTM_EXPPE,Ice Storm - Exposure - Population Equivalence,Double,8,Ice Storm,Exposure - Population Equivalence,Nov-21
190,ISTM_EXPT,Ice Storm - Exposure - Total,Double,8,Ice Storm,Exposure - Total,Nov-21
191,ISTM_HLRB,Ice Storm - Historic Loss Ratio - Buildings,Double,8,Ice Storm,Historic Loss Ratio - Buildings,Nov-21
192,ISTM_HLRP,Ice Storm - Historic Loss Ratio - Population,Double,8,Ice Storm,Historic Loss Ratio - Population,Nov-21
193,ISTM_HLRR,Ice Storm - Historic Loss Ratio - Total Rating,String,50,Ice Storm,Historic Loss Ratio - Total Rating,Nov-21
194,ISTM_EALB,Ice Storm - Expected Annual Loss - Building Value,Double,8,Ice Storm,Expected Annual Loss - Building Value,Nov-21
195,ISTM_EALP,Ice Storm - Expected Annual Loss - Population,Double,8,Ice Storm,Expected Annual Loss - Population,Nov-21
196,ISTM_EALPE,Ice Storm - Expected Annual Loss - Population Equivalence,Double,8,Ice Storm,Expected Annual Loss - Population Equivalence,Nov-21
197,ISTM_EALT,Ice Storm - Expected Annual Loss - Total,Double,8,Ice Storm,Expected Annual Loss - Total,Nov-21
198,ISTM_EALS,Ice Storm - Expected Annual Loss Score,Double,8,Ice Storm,Expected Annual Loss Score,Nov-21
199,ISTM_EALR,Ice Storm - Expected Annual Loss Rating,String,50,Ice Storm,Expected Annual Loss Rating,Nov-21
200,ISTM_RISKS,Ice Storm - Hazard Type Risk Index Score,Double,8,Ice Storm,Hazard Type Risk Index Score,Nov-21
201,ISTM_RISKR,Ice Storm - Hazard Type Risk Index Rating,String,50,Ice Storm,Hazard Type Risk Index Rating,Nov-21
202,LNDS_EVNTS,Landslide - Number of Events,Double,8,Landslide,Number of Events,Nov-21
203,LNDS_AFREQ,Landslide - Annualized Frequency,Double,8,Landslide,Annualized Frequency,Nov-21
204,LNDS_EXPB,Landslide - Exposure - Building Value,Double,8,Landslide,Exposure - Building Value,Nov-21
205,LNDS_EXPP,Landslide - Exposure - Population,Double,8,Landslide,Exposure - Population,Nov-21
206,LNDS_EXPPE,Landslide - Exposure - Population Equivalence,Double,8,Landslide,Exposure - Population Equivalence,Nov-21
207,LNDS_EXPT,Landslide - Exposure - Total,Double,8,Landslide,Exposure - Total,Nov-21
208,LNDS_HLRB,Landslide - Historic Loss Ratio - Buildings,Double,8,Landslide,Historic Loss Ratio - Buildings,Nov-21
209,LNDS_HLRP,Landslide - Historic Loss Ratio - Population,Double,8,Landslide,Historic Loss Ratio - Population,Nov-21
210,LNDS_HLRR,Landslide - Historic Loss Ratio - Total Rating,String,50,Landslide,Historic Loss Ratio - Total Rating,Nov-21
211,LNDS_EALB,Landslide - Expected Annual Loss - Building Value,Double,8,Landslide,Expected Annual Loss - Building Value,Nov-21
212,LNDS_EALP,Landslide - Expected Annual Loss - Population,Double,8,Landslide,Expected Annual Loss - Population,Nov-21
213,LNDS_EALPE,Landslide - Expected Annual Loss - Population Equivalence,Double,8,Landslide,Expected Annual Loss - Population Equivalence,Nov-21
214,LNDS_EALT,Landslide - Expected Annual Loss - Total,Double,8,Landslide,Expected Annual Loss - Total,Nov-21
215,LNDS_EALS,Landslide - Expected Annual Loss Score,Double,8,Landslide,Expected Annual Loss Score,Nov-21
216,LNDS_EALR,Landslide - Expected Annual Loss Rating,String,50,Landslide,Expected Annual Loss Rating,Nov-21
217,LNDS_RISKS,Landslide - Hazard Type Risk Index Score,Double,8,Landslide,Hazard Type Risk Index Score,Nov-21
218,LNDS_RISKR,Landslide - Hazard Type Risk Index Rating,String,50,Landslide,Hazard Type Risk Index Rating,Nov-21
219,LTNG_EVNTS,Lightning - Number of Events,Double,8,Lightning,Number of Events,Nov-21
220,LTNG_AFREQ,Lightning - Annualized Frequency,Double,8,Lightning,Annualized Frequency,Nov-21
221,LTNG_EXPB,Lightning - Exposure - Building Value,Double,8,Lightning,Exposure - Building Value,Nov-21
222,LTNG_EXPP,Lightning - Exposure - Population,Double,8,Lightning,Exposure - Population,Nov-21
223,LTNG_EXPPE,Lightning - Exposure - Population Equivalence,Double,8,Lightning,Exposure - Population Equivalence,Nov-21
224,LTNG_EXPT,Lightning - Exposure - Total,Double,8,Lightning,Exposure - Total,Nov-21
225,LTNG_HLRB,Lightning - Historic Loss Ratio - Buildings,Double,8,Lightning,Historic Loss Ratio - Buildings,Nov-21
226,LTNG_HLRP,Lightning - Historic Loss Ratio - Population,Double,8,Lightning,Historic Loss Ratio - Population,Nov-21
227,LTNG_HLRR,Lightning - Historic Loss Ratio - Total Rating,String,50,Lightning,Historic Loss Ratio - Total Rating,Nov-21
228,LTNG_EALB,Lightning - Expected Annual Loss - Building Value,Double,8,Lightning,Expected Annual Loss - Building Value,Nov-21
229,LTNG_EALP,Lightning - Expected Annual Loss - Population,Double,8,Lightning,Expected Annual Loss - Population,Nov-21
230,LTNG_EALPE,Lightning - Expected Annual Loss - Population Equivalence,Double,8,Lightning,Expected Annual Loss - Population Equivalence,Nov-21
231,LTNG_EALT,Lightning - Expected Annual Loss - Total,Double,8,Lightning,Expected Annual Loss - Total,Nov-21
232,LTNG_EALS,Lightning - Expected Annual Loss Score,Double,8,Lightning,Expected Annual Loss Score,Nov-21
233,LTNG_EALR,Lightning - Expected Annual Loss Rating,String,50,Lightning,Expected Annual Loss Rating,Nov-21
234,LTNG_RISKS,Lightning - Hazard Type Risk Index Score,Double,8,Lightning,Hazard Type Risk Index Score,Nov-21
235,LTNG_RISKR,Lightning - Hazard Type Risk Index Rating,String,50,Lightning,Hazard Type Risk Index Rating,Nov-21
236,RFLD_EVNTS,Riverine Flooding - Number of Events,Double,8,Riverine Flooding,Number of Events,Nov-21
237,RFLD_AFREQ,Riverine Flooding - Annualized Frequency,Double,8,Riverine Flooding,Annualized Frequency,Nov-21
238,RFLD_EXPB,Riverine Flooding - Exposure - Building Value,Double,8,Riverine Flooding,Exposure - Building Value,Nov-21
239,RFLD_EXPP,Riverine Flooding - Exposure - Population,Double,8,Riverine Flooding,Exposure - Population,Nov-21
240,RFLD_EXPPE,Riverine Flooding - Exposure - Population Equivalence,Double,8,Riverine Flooding,Exposure - Population Equivalence,Nov-21
241,RFLD_EXPA,Riverine Flooding - Exposure - Agriculture Value,Double,8,Riverine Flooding,Exposure - Agriculture Value,Nov-21
242,RFLD_EXPT,Riverine Flooding - Exposure - Total,Double,8,Riverine Flooding,Exposure - Total,Nov-21
243,RFLD_HLRB,Riverine Flooding - Historic Loss Ratio - Buildings,Double,8,Riverine Flooding,Historic Loss Ratio - Buildings,Nov-21
244,RFLD_HLRP,Riverine Flooding - Historic Loss Ratio - Population,Double,8,Riverine Flooding,Historic Loss Ratio - Population,Nov-21
245,RFLD_HLRA,Riverine Flooding - Historic Loss Ratio - Agriculture,Double,8,Riverine Flooding,Historic Loss Ratio - Agriculture,Nov-21
246,RFLD_HLRR,Riverine Flooding - Historic Loss Ratio - Total Rating,String,50,Riverine Flooding,Historic Loss Ratio - Total Rating,Nov-21
247,RFLD_EALB,Riverine Flooding - Expected Annual Loss - Building Value,Double,8,Riverine Flooding,Expected Annual Loss - Building Value,Nov-21
248,RFLD_EALP,Riverine Flooding - Expected Annual Loss - Population,Double,8,Riverine Flooding,Expected Annual Loss - Population,Nov-21
249,RFLD_EALPE,Riverine Flooding - Expected Annual Loss - Population Equivalence,Double,8,Riverine Flooding,Expected Annual Loss - Population Equivalence,Nov-21
250,RFLD_EALA,Riverine Flooding - Expected Annual Loss - Agriculture Value,Double,8,Riverine Flooding,Expected Annual Loss - Agriculture Value,Nov-21
251,RFLD_EALT,Riverine Flooding - Expected Annual Loss - Total,Double,8,Riverine Flooding,Expected Annual Loss - Total,Nov-21
252,RFLD_EALS,Riverine Flooding - Expected Annual Loss Score,Double,8,Riverine Flooding,Expected Annual Loss Score,Nov-21
253,RFLD_EALR,Riverine Flooding - Expected Annual Loss Rating,String,50,Riverine Flooding,Expected Annual Loss Rating,Nov-21
254,RFLD_RISKS,Riverine Flooding - Hazard Type Risk Index Score,Double,8,Riverine Flooding,Hazard Type Risk Index Score,Nov-21
255,RFLD_RISKR,Riverine Flooding - Hazard Type Risk Index Rating,String,50,Riverine Flooding,Hazard Type Risk Index Rating,Nov-21
256,SWND_EVNTS,Strong Wind - Number of Events,Double,8,Strong Wind,Number of Events,Nov-21
257,SWND_AFREQ,Strong Wind - Annualized Frequency,Double,8,Strong Wind,Annualized Frequency,Nov-21
258,SWND_EXPB,Strong Wind - Exposure - Building Value,Double,8,Strong Wind,Exposure - Building Value,Nov-21
259,SWND_EXPP,Strong Wind - Exposure - Population,Double,8,Strong Wind,Exposure - Population,Nov-21
260,SWND_EXPPE,Strong Wind - Exposure - Population Equivalence,Double,8,Strong Wind,Exposure - Population Equivalence,Nov-21
261,SWND_EXPA,Strong Wind - Exposure - Agriculture Value,Double,8,Strong Wind,Exposure - Agriculture Value,Nov-21
262,SWND_EXPT,Strong Wind - Exposure - Total,Double,8,Strong Wind,Exposure - Total,Nov-21
263,SWND_HLRB,Strong Wind - Historic Loss Ratio - Buildings,Double,8,Strong Wind,Historic Loss Ratio - Buildings,Nov-21
264,SWND_HLRP,Strong Wind - Historic Loss Ratio - Population,Double,8,Strong Wind,Historic Loss Ratio - Population,Nov-21
265,SWND_HLRA,Strong Wind - Historic Loss Ratio - Agriculture,Double,8,Strong Wind,Historic Loss Ratio - Agriculture,Nov-21
266,SWND_HLRR,Strong Wind - Historic Loss Ratio - Total Rating,String,50,Strong Wind,Historic Loss Ratio - Total Rating,Nov-21
267,SWND_EALB,Strong Wind - Expected Annual Loss - Building Value,Double,8,Strong Wind,Expected Annual Loss - Building Value,Nov-21
268,SWND_EALP,Strong Wind - Expected Annual Loss - Population,Double,8,Strong Wind,Expected Annual Loss - Population,Nov-21
269,SWND_EALPE,Strong Wind - Expected Annual Loss - Population Equivalence,Double,8,Strong Wind,Expected Annual Loss - Population Equivalence,Nov-21
270,SWND_EALA,Strong Wind - Expected Annual Loss - Agriculture Value,Double,8,Strong Wind,Expected Annual Loss - Agriculture Value,Nov-21
271,SWND_EALT,Strong Wind - Expected Annual Loss - Total,Double,8,Strong Wind,Expected Annual Loss - Total,Nov-21
272,SWND_EALS,Strong Wind - Expected Annual Loss Score,Double,8,Strong Wind,Expected Annual Loss Score,Nov-21
273,SWND_EALR,Strong Wind - Expected Annual Loss Rating,String,50,Strong Wind,Expected Annual Loss Rating,Nov-21
274,SWND_RISKS,Strong Wind - Hazard Type Risk Index Score,Double,8,Strong Wind,Hazard Type Risk Index Score,Nov-21
275,SWND_RISKR,Strong Wind - Hazard Type Risk Index Rating,String,50,Strong Wind,Hazard Type Risk Index Rating,Nov-21
276,TRND_EVNTS,Tornado - Number of Events,Double,8,Tornado,Number of Events,Nov-21
277,TRND_AFREQ,Tornado - Annualized Frequency,Double,8,Tornado,Annualized Frequency,Nov-21
278,TRND_EXPB,Tornado - Exposure - Building Value,Double,8,Tornado,Exposure - Building Value,Nov-21
279,TRND_EXPP,Tornado - Exposure - Population,Double,8,Tornado,Exposure - Population,Nov-21
280,TRND_EXPPE,Tornado - Exposure - Population Equivalence,Double,8,Tornado,Exposure - Population Equivalence,Nov-21
281,TRND_EXPA,Tornado - Exposure - Agriculture Value,Double,8,Tornado,Exposure - Agriculture Value,Nov-21
282,TRND_EXPT,Tornado - Exposure - Total,Double,8,Tornado,Exposure - Total,Nov-21
283,TRND_HLRB,Tornado - Historic Loss Ratio - Buildings,Double,8,Tornado,Historic Loss Ratio - Buildings,Nov-21
284,TRND_HLRP,Tornado - Historic Loss Ratio - Population,Double,8,Tornado,Historic Loss Ratio - Population,Nov-21
285,TRND_HLRA,Tornado - Historic Loss Ratio - Agriculture,Double,8,Tornado,Historic Loss Ratio - Agriculture,Nov-21
286,TRND_HLRR,Tornado - Historic Loss Ratio - Total Rating,String,50,Tornado,Historic Loss Ratio - Total Rating,Nov-21
287,TRND_EALB,Tornado - Expected Annual Loss - Building Value,Double,8,Tornado,Expected Annual Loss - Building Value,Nov-21
288,TRND_EALP,Tornado - Expected Annual Loss - Population,Double,8,Tornado,Expected Annual Loss - Population,Nov-21
289,TRND_EALPE,Tornado - Expected Annual Loss - Population Equivalence,Double,8,Tornado,Expected Annual Loss - Population Equivalence,Nov-21
290,TRND_EALA,Tornado - Expected Annual Loss - Agriculture Value,Double,8,Tornado,Expected Annual Loss - Agriculture Value,Nov-21
291,TRND_EALT,Tornado - Expected Annual Loss - Total,Double,8,Tornado,Expected Annual Loss - Total,Nov-21
292,TRND_EALS,Tornado - Expected Annual Loss Score,Double,8,Tornado,Expected Annual Loss Score,Nov-21
293,TRND_EALR,Tornado - Expected Annual Loss Rating,String,50,Tornado,Expected Annual Loss Rating,Nov-21
294,TRND_RISKS,Tornado - Hazard Type Risk Index Score,Double,8,Tornado,Hazard Type Risk Index Score,Nov-21
295,TRND_RISKR,Tornado - Hazard Type Risk Index Rating,String,50,Tornado,Hazard Type Risk Index Rating,Nov-21
296,TSUN_EVNTS,Tsunami - Number of Events,Double,8,Tsunami,Number of Events,Nov-21
297,TSUN_AFREQ,Tsunami - Annualized Frequency,Double,8,Tsunami,Annualized Frequency,Nov-21
298,TSUN_EXPB,Tsunami - Exposure - Building Value,Double,8,Tsunami,Exposure - Building Value,Nov-21
299,TSUN_EXPP,Tsunami - Exposure - Population,Double,8,Tsunami,Exposure - Population,Nov-21
300,TSUN_EXPPE,Tsunami - Exposure - Population Equivalence,Double,8,Tsunami,Exposure - Population Equivalence,Nov-21
301,TSUN_EXPT,Tsunami - Exposure - Total,Double,8,Tsunami,Exposure - Total,Nov-21
302,TSUN_HLRB,Tsunami - Historic Loss Ratio - Buildings,Double,8,Tsunami,Historic Loss Ratio - Buildings,Nov-21
303,TSUN_HLRP,Tsunami - Historic Loss Ratio - Population,Double,8,Tsunami,Historic Loss Ratio - Population,Nov-21
304,TSUN_HLRR,Tsunami - Historic Loss Ratio - Total Rating,String,50,Tsunami,Historic Loss Ratio - Total Rating,Nov-21
305,TSUN_EALB,Tsunami - Expected Annual Loss - Building Value,Double,8,Tsunami,Expected Annual Loss - Building Value,Nov-21
306,TSUN_EALP,Tsunami - Expected Annual Loss - Population,Double,8,Tsunami,Expected Annual Loss - Population,Nov-21
307,TSUN_EALPE,Tsunami - Expected Annual Loss - Population Equivalence,Double,8,Tsunami,Expected Annual Loss - Population Equivalence,Nov-21
308,TSUN_EALT,Tsunami - Expected Annual Loss - Total,Double,8,Tsunami,Expected Annual Loss - Total,Nov-21
309,TSUN_EALS,Tsunami - Expected Annual Loss Score,Double,8,Tsunami,Expected Annual Loss Score,Nov-21
310,TSUN_EALR,Tsunami - Expected Annual Loss Rating,String,50,Tsunami,Expected Annual Loss Rating,Nov-21
311,TSUN_RISKS,Tsunami - Hazard Type Risk Index Score,Double,8,Tsunami,Hazard Type Risk Index Score,Nov-21
312,TSUN_RISKR,Tsunami - Hazard Type Risk Index Rating,String,50,Tsunami,Hazard Type Risk Index Rating,Nov-21
313,VLCN_EVNTS,Volcanic Activity - Number of Events,Double,8,Volcanic Activity,Number of Events,Nov-21
314,VLCN_AFREQ,Volcanic Activity - Annualized Frequency,Double,8,Volcanic Activity,Annualized Frequency,Nov-21
315,VLCN_EXPB,Volcanic Activity - Exposure - Building Value,Double,8,Volcanic Activity,Exposure - Building Value,Nov-21
316,VLCN_EXPP,Volcanic Activity - Exposure - Population,Double,8,Volcanic Activity,Exposure - Population,Nov-21
317,VLCN_EXPPE,Volcanic Activity - Exposure - Population Equivalence,Double,8,Volcanic Activity,Exposure - Population Equivalence,Nov-21
318,VLCN_EXPT,Volcanic Activity - Exposure - Total,Double,8,Volcanic Activity,Exposure - Total,Nov-21
319,VLCN_HLRB,Volcanic Activity - Historic Loss Ratio - Buildings,Double,8,Volcanic Activity,Historic Loss Ratio - Buildings,Nov-21
320,VLCN_HLRP,Volcanic Activity - Historic Loss Ratio - Population,Double,8,Volcanic Activity,Historic Loss Ratio - Population,Nov-21
321,VLCN_HLRR,Volcanic Activity - Historic Loss Ratio - Total Rating,String,50,Volcanic Activity,Historic Loss Ratio - Total Rating,Nov-21
322,VLCN_EALB,Volcanic Activity - Expected Annual Loss - Building Value,Double,8,Volcanic Activity,Expected Annual Loss - Building Value,Nov-21
323,VLCN_EALP,Volcanic Activity - Expected Annual Loss - Population,Double,8,Volcanic Activity,Expected Annual Loss - Population,Nov-21
324,VLCN_EALPE,Volcanic Activity - Expected Annual Loss - Population Equivalence,Double,8,Volcanic Activity,Expected Annual Loss - Population Equivalence,Nov-21
325,VLCN_EALT,Volcanic Activity - Expected Annual Loss - Total,Double,8,Volcanic Activity,Expected Annual Loss - Total,Nov-21
326,VLCN_EALS,Volcanic Activity - Expected Annual Loss Score,Double,8,Volcanic Activity,Expected Annual Loss Score,Nov-21
327,VLCN_EALR,Volcanic Activity - Expected Annual Loss Rating,String,50,Volcanic Activity,Expected Annual Loss Rating,Nov-21
328,VLCN_RISKS,Volcanic Activity - Hazard Type Risk Index Score,Double,8,Volcanic Activity,Hazard Type Risk Index Score,Nov-21
329,VLCN_RISKR,Volcanic Activity - Hazard Type Risk Index Rating,String,50,Volcanic Activity,Hazard Type Risk Index Rating,Nov-21
330,WFIR_EVNTS,Wildfire - Number of Events,Double,8,Wildfire,Number of Events,Nov-21
331,WFIR_AFREQ,Wildfire - Annualized Frequency,Double,8,Wildfire,Annualized Frequency,Nov-21
332,WFIR_EXPB,Wildfire - Exposure - Building Value,Double,8,Wildfire,Exposure - Building Value,Nov-21
333,WFIR_EXPP,Wildfire - Exposure - Population,Double,8,Wildfire,Exposure - Population,Nov-21
334,WFIR_EXPPE,Wildfire - Exposure - Population Equivalence,Double,8,Wildfire,Exposure - Population Equivalence,Nov-21
335,WFIR_EXPA,Wildfire - Exposure - Agriculture Value,Double,8,Wildfire,Exposure - Agriculture Value,Nov-21
336,WFIR_EXPT,Wildfire - Exposure - Total,Double,8,Wildfire,Exposure - Total,Nov-21
337,WFIR_HLRB,Wildfire - Historic Loss Ratio - Buildings,Double,8,Wildfire,Historic Loss Ratio - Buildings,Nov-21
338,WFIR_HLRP,Wildfire - Historic Loss Ratio - Population,Double,8,Wildfire,Historic Loss Ratio - Population,Nov-21
339,WFIR_HLRA,Wildfire - Historic Loss Ratio - Agriculture,Double,8,Wildfire,Historic Loss Ratio - Agriculture,Nov-21
340,WFIR_HLRR,Wildfire - Historic Loss Ratio - Total Rating,String,50,Wildfire,Historic Loss Ratio - Total Rating,Nov-21
341,WFIR_EALB,Wildfire - Expected Annual Loss - Building Value,Double,8,Wildfire,Expected Annual Loss - Building Value,Nov-21
342,WFIR_EALP,Wildfire - Expected Annual Loss - Population,Double,8,Wildfire,Expected Annual Loss - Population,Nov-21
343,WFIR_EALPE,Wildfire - Expected Annual Loss - Population Equivalence,Double,8,Wildfire,Expected Annual Loss - Population Equivalence,Nov-21
344,WFIR_EALA,Wildfire - Expected Annual Loss - Agriculture Value,Double,8,Wildfire,Expected Annual Loss - Agriculture Value,Nov-21
345,WFIR_EALT,Wildfire - Expected Annual Loss - Total,Double,8,Wildfire,Expected Annual Loss - Total,Nov-21
346,WFIR_EALS,Wildfire - Expected Annual Loss Score,Double,8,Wildfire,Expected Annual Loss Score,Nov-21
347,WFIR_EALR,Wildfire - Expected Annual Loss Rating,String,50,Wildfire,Expected Annual Loss Rating,Nov-21
348,WFIR_RISKS,Wildfire - Hazard Type Risk Index Score,Double,8,Wildfire,Hazard Type Risk Index Score,Nov-21
349,WFIR_RISKR,Wildfire - Hazard Type Risk Index Rating,String,50,Wildfire,Hazard Type Risk Index Rating,Nov-21
350,WNTW_EVNTS,Winter Weather - Number of Events,Double,8,Winter Weather,Number of Events,Nov-21
351,WNTW_AFREQ,Winter Weather - Annualized Frequency,Double,8,Winter Weather,Annualized Frequency,Nov-21
352,WNTW_EXPB,Winter Weather - Exposure - Building Value,Double,8,Winter Weather,Exposure - Building Value,Nov-21
353,WNTW_EXPP,Winter Weather - Exposure - Population,Double,8,Winter Weather,Exposure - Population,Nov-21
354,WNTW_EXPPE,Winter Weather - Exposure - Population Equivalence,Double,8,Winter Weather,Exposure - Population Equivalence,Nov-21
355,WNTW_EXPA,Winter Weather - Exposure - Agriculture Value,Double,8,Winter Weather,Exposure - Agriculture Value,Nov-21
356,WNTW_EXPT,Winter Weather - Exposure - Total,Double,8,Winter Weather,Exposure - Total,Nov-21
357,WNTW_HLRB,Winter Weather - Historic Loss Ratio - Buildings,Double,8,Winter Weather,Historic Loss Ratio - Buildings,Nov-21
358,WNTW_HLRP,Winter Weather - Historic Loss Ratio - Population,Double,8,Winter Weather,Historic Loss Ratio - Population,Nov-21
359,WNTW_HLRA,Winter Weather - Historic Loss Ratio - Agriculture,Double,8,Winter Weather,Historic Loss Ratio - Agriculture,Nov-21
360,WNTW_HLRR,Winter Weather - Historic Loss Ratio - Total Rating,String,50,Winter Weather,Historic Loss Ratio - Total Rating,Nov-21
361,WNTW_EALB,Winter Weather - Expected Annual Loss - Building Value,Double,8,Winter Weather,Expected Annual Loss - Building Value,Nov-21
362,WNTW_EALP,Winter Weather - Expected Annual Loss - Population,Double,8,Winter Weather,Expected Annual Loss - Population,Nov-21
363,WNTW_EALPE,Winter Weather - Expected Annual Loss - Population Equivalence,Double,8,Winter Weather,Expected Annual Loss - Population Equivalence,Nov-21
364,WNTW_EALA,Winter Weather - Expected Annual Loss - Agriculture Value,Double,8,Winter Weather,Expected Annual Loss - Agriculture Value,Nov-21
365,WNTW_EALT,Winter Weather - Expected Annual Loss - Total,Double,8,Winter Weather,Expected Annual Loss - Total,Nov-21
366,WNTW_EALS,Winter Weather - Expected Annual Loss Score,Double,8,Winter Weather,Expected Annual Loss Score,Nov-21
367,WNTW_EALR,Winter Weather - Expected Annual Loss Rating,String,50,Winter Weather,Expected Annual Loss Rating,Nov-21
368,WNTW_RISKS,Winter Weather - Hazard Type Risk Index Score,Double,8,Winter Weather,Hazard Type Risk Index Score,Nov-21
369,WNTW_RISKR,Winter Weather - Hazard Type Risk Index Rating,String,50,Winter Weather,Hazard Type Risk Index Rating,Nov-21
370,NRI_VER,National Risk Index Version,String,50,All,n/a,Nov-21
371,AIANNHCE,American Indian / Alaska Native / Native Hawaiian (AIANNH) Area Census Code,String,4,All,n/a,Nov-21
372,FEDREG2020,Federal Register Number 2020,Integer,4,All,n/a,Nov-21
373,FEDERAL_ID,Federal ID,Integer,4,All,n/a,Nov-21
374,JURS_NAME,FEMA Mitigation Planning Jurisdiction Layer - Tribal Entity,String,254,All,n/a,Nov-21
375,JURS_AREA,FEMA Mitigation Planning Jurisdiction Layer - Tribal Area,String,254,All,n/a,Nov-21
376,JURS_TYPE,FEMA Mitigation Planning Jurisdiction Layer - Tribal Area Type,String,254,All,n/a,Nov-21
377,HIFLD_NAME,Homeland Infrastructure Foundation-Level Data (HIFLD) AIANNH Areas Dataset - Tribal Entity,String,100,All,n/a,Nov-21
378,HIFLD_AREA,Homeland Infrastructure Foundation-Level Data (HIFLD) AIANNH Areas Dataset - Tribal Area,String,800,All,n/a,Nov-21
379,HIFLD_TYPE,Homeland Infrastructure Foundation-Level Data (HIFLD) AIANNH Areas Dataset - Tribal Area Type,String,100,All,n/a,Nov-21