X,Y,amenity,name,addr:housenumber,addr:street,addr:city,addr:postcode,website,addr:state,phone,wikidata,wheelchair,description,operator,studio,name:en,opening_hours,artist_name,tourism,artwork_type,ele,date,email,level,location,media,project,sac_id,screen,toilets:wheelchair,addr:unit,alt_name,theatre:type,wikipedia
-122.31667,47.6157219975452,arts_centre,12th Ave Arts,1620,12th Avenue,Seattle,98122,http://12avearts.org/,,,,,,,,,,,,,,,,,,,,,,,,,,
-122.3300625,47.6014352975452,arts_centre,4Culture,101,Prefontaine Place South,Seattle,98104,https://www.4culture.org/,WA,206-296-7580,,,,,,,,,,,,,,,,,,,,,,,,
-122.3117436,47.6560881975452,arts_centre,Allen Center for the Visual Arts,,,,,,WA,,,,,,,,,,,,41,,,,,,,,,,,,,
-122.3529862,47.6227643975452,arts_centre,A/NT Gallery,305,Harrison Street,Seattle,98109,https://www.antgallery.org/,,+1 206-233-0680,,,,,,,12:00-20:00,,,,,,info@antgallery.org,,,,,,,,,Art/Not Terminal Gallery,,
-122.3299134,47.5983010975452,arts_centre,Art at King Street Station,,,,,,,,,yes,,http://seattle.gov/arts,,,Tu-Sa 10am-6pm and 1st Thursday until 8pm,,,,,,,,,,,,,yes,,,,
-122.2964646,47.1841682975452,arts_centre,Artists in Action,,,,,,,,,,,,,,,,,,,,,,,,,,,,,,,
-122.3555094,47.6841406975452,arts_centre,Avanti Art & Design,7601,Greenwood Avenue North,Seattle,,,,,,,,,,,,,,,,,,,,,,,,,,,,
-122.3738217,47.6711719975452,arts_centre,Blowing Sands,5805,14th Avenue Northwest,Seattle,98107,http://www.blowingsands.com/,WA,,,,,,,,,,,,,,,,,,,,,,,,,
-122.338458,47.4661809975452,arts_centre,Burien Dance Theatre,,,,,,,,,,,,,,,,,,,,,,,,,,,,,,,
-122.2062331,47.6769421975452,arts_centre,Canvas,140,Central Way,Kirkland,98033,,WA,,,,,,,,,,,,,,,,,,,,,,,,,
-122.3025212,47.6081687975452,arts_centre,Coyote Central,2300,East Cherry Street,Seattle,98122,,WA,,,,,,,,,,,,,,,,,,,,,,,,,
-122.3818316,47.6650337975452,arts_centre,Dancing Brush Studio Ballard,5129,Ballard Avenue Northwest,Seattle,98107,http://www.dancingbrushstudio.com/DB-ballard/index-ballard.html,WA,,,,,,,,,,,,,,,,,,,,,,,,,
-122.3236266,47.6193416975452,arts_centre,Fred Wildlife Refuge,127,Boylston Avenue East,Seattle,98102,,,,,,,,,,,,,,,,,,,,,,,,,,,
-122.3497929,47.6592234975452,arts_centre,Fremont Abbey Arts Center,,,,,http://fremontabbey.org/,,,,,,,,,,,,,,,,,,,,,,,,,,
-122.318325,47.5504326975452,arts_centre,Georgetown Arts & Cultural Center,5813,Airport Way South,Seattle,98108,,,,,,,,,,,,,,,,,,,,,,,,,,,
-120.6664223,47.7655741975452,arts_centre,Grunewald Gulid,19003,River Road,leavenworth,98826,,WA,,,,,,,,,,,,,,,,,,,,,,,,,
-122.3059263,47.6583928975452,arts_centre,Jacob Lawrence Gallery,,,,,https://artsuw.org/venue/jacob-lawrence-gallery,,,,,,,,,,,,,,,,,,,,,,,,,,
-122.4600801,47.4285542975452,arts_centre,Katherine L White Hall,,,,,,,,,,,,,,,,,,,,,,,,,,,,,,,
-122.2093485,47.6802319975452,arts_centre,Kirkland Arts Center,,,,,,,,,,,,,,,,,,,,,,,,,,,,,,,
-122.3556343,48.6416345975452,arts_centre,Lookout Arts Center,246,Old Highway 99 North,Bellingham,,,,,,,,,,,,,,,,,,,,,,,,,,,,
-122.4801418,48.7530155975452,arts_centre,Make.Shift Art Space,306,Flora Street,,98225,https://www.makeshiftproject.com/,,,,,,,,,,,,,,,,,,,,,,,,,,
-122.0446752,47.3932972975452,arts_centre,Maple Valley Creative Arts Center,23220,Maple Valley Black Diamond Road Southeast,Maple Valley,98038,,,,,,,,,,,,,,,,,,,,,,,,,,,
-121.986366,47.7405052975452,arts_centre,Northwest Art Center,15515,Main Street Northeast,,,https://www.northwestartcenter.org/,,,,,,,,,,,,,,,,,,,,,,,,,,
-122.2521372,48.2991432975452,arts_centre,Pilchuck Glass School,,,,,www.pilchuck.com,,,,,,,,,,,,,,,,,,,,,,,,,,
-122.7562466,48.1143421975452,arts_centre,Port Townsend Creative,839,Water Street,,,,,,,,,,,,,,,,,,,0,,,,,,,,,,
-122.3088922,48.4358575975452,arts_centre,Skagit Symphony,,,,,www.skagitsymphony.com,,360-848-9336,,,,,,,,,,,,,,,,,,,,,,,,
-122.2332457,47.2039918975452,arts_centre,Sumner Performing Arts Center,,,,,,,,,,,,,,,,,,,,,,,,,,,,,,,
-122.2760742,46.5581358975452,arts_centre,Tiller Arts Center,,,,,,,,,,,,,,,,,,,,,,,,,,,,,,,
-122.6402443,47.5406793975452,arts_centre,Western Washington Center for the Arts,,,,,,,,,,,,,,,,,,,,,,,,,,,,,,,
-122.3400208,47.4736183975452,arts_centre,,,,,,,,,,,,,,,,,,,,,,,,,,,,,,,,
-122.1629727,47.7538211975452,arts_centre,,,,,,,,,,,,,,,,,,,,,,,,,,,,,,,,
-123.1044061,48.0803592975452,arts_centre,,,,,,,,,,,,,,,,,,,,,,,,,,,,,,,,
-122.3284717,47.7992249975452,casino,220th Street Bingo,7016,220th Street Southwest,Mountlake Terrace,98043,http://www.220thbingo.com/,WA,,,,,,,,,,,,,,,,,,,,,,,,,
-122.1866147,48.1528873975452,casino,Ace's Casino,,,,,,,,,,,,,,,,,,,,,,,,,,,,,,,
-122.1731486,47.7318549975452,casino,Casino Caribbean,12526,Northeast 144th Street,Kirkland,98034,http://casino-caribbean.net/kirkland/,WA,(425) 821-2222,,,,,,,,,,,,,,,,,,,,,,,,
-122.3214386,47.7988681975452,casino,Crazy Moose Casino,22003,66th Avenue West,Mountlake Terrace,98043,https://mountlakecasino.com/,WA,,,,,,,,,,,,,,,,,,,,,,,,,
-122.7424218,45.9071656975452,casino,Lucky 21 Casino,,,,,,,,,,,,,,,,,,,,,,,,,,,,,,,
-123.1544557,46.8137693975452,casino,Lucky Eagle Casino,,,,,,,,,,,,,,,,,,,,,,,,,,,,,,,
-119.2777387,47.1451276975452,casino,Papa's Casino,,,,,,,,,,,,,,,,,,,,,,,,,,,,,,,
-122.3310075,47.8000879975452,casino,Red Dragon Casino,21917,Highway 99,Mountlake Terrace,98043,https://red-dragon-casino-mountlake.com/,WA,,,,,,,,,,,,,,,,,,,,,,,,,
-122.245294,47.4962850975452,casino,Roman Casino,,,,,,,,,,,,,,,,,,,,,,,,,,,,,,,
-122.2266154,47.4114879975452,casino,Seatown Gaming Center,,,,,,,,,,,,,Seatown Gaming Center,,,,,,,,,,,,,,,,,,
-122.4640317,47.1802983975452,casino,Silver Dollar Casino,,,,,,,,,,,,,,,,,,,,,,,,,,,,,,,
-122.2584772,47.4578067975452,casino,Washington State Lottery,,,,,,,,,,,,,,,,,,,,,0,,,,,,,,,,
-120.5830232,47.0083313975452,casino,Wild Goose Casino,,,,,,,,,,,,,,,,,,,,,,,,,,,,,,,
-122.3364799,47.4613284975452,casino,Wizard's Casino,,,,,,,,,,,,,,,,,,,,,,,,,,,,,,,
-122.4830978,47.1648910975452,casino,,,,,,,,,,,,,,,,,,,,,,,,,,,,,,,,
-122.3869116,47.5817471975452,cinema,Admiral Twin Theater,,,,,,,,Q4683714,,,,,,,,,,,,,,,,,,,,,,,
-122.3181125,47.6617460975452,cinema,AMC Dine-In Seattle 10,4500,9th Avenue Northeast,Seattle,98105,,,,,,,,,,,,,,,,,,,,,,,,,,,
-122.3395106,48.4635243975452,cinema,AMC Loews Cascade Mall 14,,,,,https://www.amctheatres.com/movie-theatres/seattle-tacoma/amc-loews-cascade-mall-14,,,,,,,,,,,,,,,,,,,,,,,,,,
-122.3355332,47.6131477975452,cinema,AMC Pacific Place 11,600,Pine Street,Seattle,98101,https://www.amctheatres.com/movie-theatres/seattle-tacoma/amc-pacific-place-11,,,,,,AMC,,,,,,,,,,4,,,,,11,,400,,,
-117.423551,47.6596292975452,cinema,AMC River Park Square 20,,,,,https://www.amctheatres.com/movie-theatres/spokane/amc-river-park-square-20,,,,,,,,,,,,,,,,,,,,,,,,,,
-122.1543717,47.7559114975452,cinema,AMC Woodinville,,,,,,,,,,,,,,,,,,,,,,,,,,,,,,,
-122.285421,47.5589937975452,cinema,Ark Lodge Cinemas,4816,Rainier Avenue South,Seattle,98118,http://arklodgecinemas.com,,,,,,,,,,,,,,,,,,,,,3,,,,,
-122.5217463,47.6270858975452,cinema,Bainbridge Cinema,,,,,,,,,,,,,,,,,,,,,,,,,,,,,,,
-122.3491541,47.6147446975452,cinema,Big Picture,,,,,,,,,,,,,Big Picture,,,,,,,,,,,,,,,,,,
-122.4886559,47.2716166975452,cinema,Blue Mouse,,,,,,,,,limited,,,,,,,,,,,,,,,,,,no,,,,
-122.3505323,47.6197829975452,cinema,Boeing IMAX Theater,,,,,,,,,,,,,,,,,,,,,,,,,,,,,,,
-122.8999386,47.0442957975452,cinema,Capitol Theater,206,5th Avenue Southeast,Olympia,,,WA,,,,,,,,,,,,,,,,,,,,,,,,,
-119.2324451,46.2245967975452,cinema,Carmike 12 Cinemas,,,,,,,,Q43305700,,,,,,,,,,,,,,,,,,,,,,,
-122.3051662,47.6132215975452,cinema,Central Cinema,1411,21st Avenue,,,https://www.central-cinema.com/,,,,,,,,,,,,,,,,,,,,,,,,,,
-122.307507,47.3128417975452,cinema,Century Federal Way,,,,,,,,,,,,,,,,,,,,,,,,,,,,,,,
-122.3147447,47.7788648975452,cinema,Cinebarre,,,,,,,,,,,,,,,,,,,,,,,,,,,,,,,
-122.0522361,47.5471767975452,cinema,Cinebarre Issaquah 9,,,,,https://www.regmovies.com/theatres/theatre-folder/cinebarre-issaquah-8-9561,,425-313-5666,,,,,,,,,,,,,,,,,,,,,,,,
-122.2012137,47.6144284975452,cinema,Cinemark,,,,,,,,,,,,,,,,,,,,,2,,,,,,,,,,
-122.5044979,47.2988551975452,cinema,Cinemark,,,,,,,,,,,,,,,,,,,,,,,,,,,,,,,
-122.2007054,47.6167247975452,cinema,Cinemark Reserve Lincoln Square,,,,,https://www.cinemark.com/washington/cinemark-reserve-bellevue-square,,,,,,,,,,,,,,,,,,,,,,,,,,
-122.5826154,45.6590162975452,cinema,Cinetopia 23,,,,,,,,,,,,,,,,,,,,,,,,,,,,,,,
-122.3242906,47.7490320975452,cinema,Crest Cinema,,,,,,,,,,,,,,,,,,,,,,,,,,,,,,,
-122.499499,47.8005391975452,cinema,Fire House Theater,11171,NE State Hwy 104,Kingston,98346,,wa,,,,,,,,,,,,,,,,,,,,,,,,,
-122.9550424,46.7155088975452,cinema,Fox Theater,,,,,,,,,,,,,,,,,,,,,,,,,,,,,,,
-121.9761226,47.8656845975452,cinema,Galaxy 12,1,Galaxy Way,Monroe,98272,https://www.galaxytheatres.com/,,360-863-0909,,,,,,,,,,,,,,,,,,,,,,,,
-117.4256236,47.6938340975452,cinema,Garland Theater,924,North Division Street,Spokane,99205,http://garlandtheater.com/,WA,(509) 327-2509,,,,,,,,,,,,,,,,,,,1,,,,,
-122.444593,47.2579553975452,cinema,Grand Cinema,606,Fawcett Ave,Tacoma,98402,,WA,,Q43306967,,,,,,,,,,,,,,,,,,,,,,,
-119.9729715,46.3075113975452,cinema,Grand Cinemas,,,,,,,,,,,,,,,,,,,,,,,,,,,,,,,
-122.3128867,47.6647636975452,cinema,Grand Illusion,,,,,,,,Q5594668,,,,,,,,,,,,,,,,,,,,,,,
-122.1210852,47.6703078975452,cinema,iPic Theaters,,,,,https://www.ipictheaters.com/,,+1-425-636-5600,,,,,,,,,,,,,,,,,,,,,,,,
-122.3128,47.6688975975452,cinema,Jet City Improv,5510,University Way Northeast,Seattle,98105,http://www.jetcityimprov.org/,,+1 206 352-8291,,limited,,,,,,,,,,,,,,,,,,,,,,
-122.911464,46.1436782975452,cinema,Kelso Theater Pub,,,,,,,,,,,,,,,,,,,,,,,,,,,,,,,
-122.3134594,47.6607102975452,cinema,Landmark Varsity,,,,,,,,,,,,,,,,,,,,,,,,,,,,,,,
-122.3519279,47.6190932975452,cinema,Laser Dome,,,,,,,,,,,,,,,,,,,,,,,,,,,,,,,
-119.5493895,47.3244783975452,cinema,Lee Theater,,,,,,,,,,,,,,,,,,,,,,,,,,,,,,,
-120.3123001,47.4239967975452,cinema,Liberty Theater,,,,,,,,,,,,,,,,,,,,,,,,,,,,,,,
-117.9780578,46.3206410975452,cinema,Liberty theatre,,,,,,,,,,,,,,,,,,,,,,,,,,,,,,,
-122.4047293,45.5856607975452,cinema,Liberty Theatre,315,Northeast 4th Avenue,Camas,98607,http://www.camasliberty.com/,WA,+1-360-859-9555,Q43305395,,,,,,,,,,,,,,,,,,,,,,,
-122.5475271,47.6040528975452,cinema,Lynnwood Theater,4569,Lynwood Center Road Northeast,Bainbridge Island,98110,,WA,,,,,,,,,,,,,,,,,,,,,,,,,
-122.3841041,47.6688574975452,cinema,Majestic Bay,2044,Northwest Market Street,Seattle,98107,http://majesticbay.com/,,,Q7749676,,,,,,,,,,,,,,,,,,,,,,,
-122.2088477,47.7624740975452,cinema,McMenamins Anderson School Theater,,,,,,,,,,,,,,,,,,,,,,,,,,,,,,,
-120.069816,47.6471508975452,cinema,Nifty Theatre,,,,,,,,Q7032144,,,,,,,,,,,,,,,,,,,,,,,
-124.1616136,47.0041052975452,cinema,Ocean Shores Cinema,631,Point Brown Avenue Northeast,,,,,,,,,,,,,,,,,,,,,,,,,,,,,
-122.3520731,47.6196814975452,cinema,PACCAR IMAX Theater,,,,,,,,,,,,,,,,,,,,,,,,,,,,,,,
-122.4802775,48.7515384975452,cinema,Pickford Film Center,1318,Bay Street,,,https://www.pickfordfilmcenter.org/mobile/,,,Q43305586,,,,,,,,,,,,,,,,,,,,,,,
-118.1552309,46.2701513975452,cinema,Plaza,,,,,,,,,,,,,,,,,,,,,,,,,,,,,,,
-119.7689338,46.2059155975452,cinema,princess Cinema,,,,,,,,,,,,,,,,,,,,,,,,,,,,,,,
-122.8766819,47.8219023975452,cinema,Quilcene Movie Theater,,,,,,,,,,,,,,,,,,,,,,,,,,,,,,,
-122.9001415,46.1387262975452,cinema,Regal Cinemas 12,341,Three Rivers Drive,,,,,,,,,,,,,,,,,,,,,,,,,,,,,
-122.3253331,47.7027883975452,cinema,Regal Cinemas Thornton Place 14 & IMAX,301,Northeast 103rd Street,Seattle,98125,https://www.regmovies.com/theaters/regal-thornton-place-stadium-14-imax/C00402789159,WA,,,,,,,,,,,,,,,,,,,,,,,,,
-122.6687071,45.6271488975452,cinema,Regal City Center Stadium 12,,,,,,,,,,,,,,,,,,,,,,,,,,,,,,,
-122.2138015,47.9094327975452,cinema,Regal Everett Stadium 16 & RPX,,,,,https://www.regmovies.com/theaters/regal-everett-stadium-16-rpx/10097,,,,,,,,,,,,,,,,,,,,,,,,,,
-122.3336994,47.6116884975452,cinema,Regal Meridian 16,,,,,,,,,,,,,,,,,,,,,,,,,,,,,,,
-117.4105937,47.7020312975452,cinema,Regal Northtown Mall Stadium 12,,,,,https://www.regmovies.com/theatres/theatre-folder/regal-northtown-mall-stadium-12-223,,,,,,,,,,,,,,,,,,,,,,,,,,
-122.6594028,47.7441596975452,cinema,Regal Poulsbo 10,,,,,,,,,,,,,,,,,,,,,,,,,,,,,,,
-122.6058987,47.5351055975452,cinema,Regal South Sound Cinema 10,,,,,,,,,,,,,,,,,,,,,,,,,,,,,,,
-122.7570713,48.1147744975452,cinema,Rose Theatre,235,Taylor Street,Port Townsend,98368,http://rosetheatre.com,WA,,,,,,,,,,,,,,,,,,,,,,,,,
-120.9932126,47.2220293975452,cinema,Roslyn Theatre,,,,,,,,,,,,,,,,,,,,,,,,,,,,,,,
-117.0436983,48.1804760975452,cinema,Roxy Theater,,,,,,,,,,,,,,,,,,,,,,,,,,,,,,,
-120.0174707,47.8401209975452,cinema,Ruby Theatre,,,,,,,,Q7376397,,,,,,,,,,,,,,,,,,,,,,,"en:Ruby Theater (Chelan, Washington)"
-123.1054515,47.2139340975452,cinema,Shelton Cinemas,,,,,,,,,,,,,,,,,,,,,,,,,,,,,,,
-122.3217325,47.6150914975452,cinema,SIFF Cinema Egyptian,805,East Pine Street,Seattle,98122,https://www.siff.net/year-round-cinema/cinema-venues/siff-cinema-egyptian,,,,,,Seattle International Film Festival,,,,,,,,,,,,,,,1,,,,,
-122.3570112,47.6236039975452,cinema,SIFF Cinema Uptown,,,,,,,,,yes,,,,,,,,,,,,,,,,,,yes,,,,
-122.3531898,47.6231249975452,cinema,SIFF Film Center,305,Harrison Street,Seattle,98109,https://www.siff.net/year-round-cinema/cinema-venues/siff-film-center,,,,yes,,Seattle International Film Festival,,,,,,,,,,,,,,,1,,,,,
-122.4090045,48.0406673975452,cinema,The Clyde Theater,,,,,,,,,,,,,,,,,,,,,,,,,,,,,,,
-122.9539568,46.7167006975452,cinema,The Olympic Club Theater,112,North Tower Avenue,Centralia,98531,https://www.mcmenamins.com/olympic-club/olympic-club-theater,WA,1-360-736-5164,,,,,,,,,,,,,,,,,,,,,,,,
-122.2758863,46.5581371975452,cinema,The Roxy,,,,,,,,,,,,,,,,,,,,,,,,,,,,,,,
-117.5523161,47.6417092975452,cinema,Village Centre Cinemas,,,,,,,,,,,,,,,,,,,,,,,,,,,,,,,
-120.5275722,46.6206494975452,cinema,Yakima Cinema,,,,,,,,,,,,,,,,,,,,,,,,,,,,,,,
-122.5997844,46.9400811975452,cinema,Yelm Cinemas,,,,,,,,,,,,,,,,,,,,,,,,,,,,,,,
-118.7057823,47.7583748975452,cinema,,,,,,,,,,,,,,,,,,,,,,,,,,,,,,,,
-117.3704864,48.8624064975452,cinema,,,,,,,,,,,,,,,,,,,,,,,,,,,,,,,,
-122.4601699,47.2439719975452,community_centre,Al Davies Boys & Girls Club,,,,,,,,,,,,,,,,,,,,,,,,,,,,,,,
-122.4070101,47.5775704975452,community_centre,Alki Community Center,5817,Southwest Stevens Street,Seattle,98116,,,,,,,,,,,,,,,,,,,,,,,,,,,
-122.2230054,47.3119863975452,community_centre,American Legion Auburn Post #78,,,,,,,,,,,,,,,,,,,,,,,,,,,,,,,
-122.2120596,47.3741256975452,community_centre,American Legion Post 15,,,,,,,,,,,,,,,,,,,,,,,,,,,,,,,
-122.4509042,47.9990753975452,community_centre,American Legion Post 41,,,,,,,,,,,,,,,,,,,,,,,,,,,,,,,
-121.8255606,47.5266979975452,community_centre,American Legion Renton-Pickering Post #79,,,,,,,,,,,,,,,,,,,,,,,,,,,,,,,
-122.3159857,47.6554883975452,community_centre,Area 01 Community Center,1101,Northeast Campus Parkway,Seattle,98105,https://www.washington.edu/area01/,WA,(206) 616-9666,,,"A community center that was created for UW-affiliated people, primarily intended for its Housing and Food Services population. Has a recording studio, a photography lab, a gaming area, and a Makerspace (Called the Dabble Lab) and is run by student staff.",UW Housing and Food Services,,,,,,,,,area01@uw.edu,1,,,,,,,,,,
-122.1942343,47.9982922975452,community_centre,Baker Height Community Center,1401,Poplar Street,Everett,98201,,WA,,,,,,,,,,,,,,,,,,,,,,,,,
-122.381687,47.6751193975452,community_centre,Ballard Boy's & Girl's Club,1767,Northwest 64th Street,Seattle,98107,,,,,,,,,,,,,,,,,,,,,,,,,,,
-122.5264878,45.7744428975452,community_centre,Battle Ground Elks,,,,,,,,,,,,,,,,,,,,,,,,,,,,,,,
-122.0053688,47.3183530975452,community_centre,Black Diamond Community Center,31605,3rd Avenue,Black Diamond,98010,,,,,,,,,,,,,,,,,,,,,,,,,,,
-122.2993961,47.5471684975452,community_centre,Black Power Epicenter,6218,Beacon Avenue South,Seattle,98108,,WA,,,,,Black Power Epicenter,,,,,,,,,,,,,,,,,,,,
-122.740845,48.9946420975452,community_centre,Blaine Senior Center,763,G Street,Blaine,98230,https://blaineseniorcenter.com/,,+1 360-332-8040,,yes,,,,,,,,,,,,,,,,,,,,,,
-122.3217654,47.6319272975452,community_centre,Bloedel Hall,,,,,,,,,,,,,,,,,,,,,,,,,,,,,,,
-120.2818516,47.5509756975452,community_centre,Boating Club of Wenatchee,,,,,,,,,,,,,,,,,,,,,,,,,,,,,,,
-123.0960161,46.8226073975452,community_centre,Boys and Girls Club of Thurston County,,,,,,,,,,,,,,,,,,,,,,,,,,,,,,,
-122.2377652,47.1986806975452,community_centre,Boy Scouts of America - Sumner Scout Hall - Troop 172 Pack 199 Pack 531,,,,,,,,,,,,,,,,,,,,,,,,,,,,,,,
-123.0161898,48.5335536975452,community_centre,Brickworks,150,Nichols Street,Friday Harbor,98250,,WA,,,,,,,,,,,,,,,,,,,,,,,,,
-122.8969969,47.6981648975452,community_centre,Brinnon Community Center,,,,,,,,,,,,,,,,,,,,,,,,,,,,,,,
-122.0281248,47.1640990975452,community_centre,Buckley Hall,,,,,,,,,,,,,,,,,,,,,,,,,,,,,,,
-122.6293563,47.4138969975452,community_centre,Burley Community Hall,,,,,,,,,,,,,,,,,,,,,,,,,,,,,,,
-122.9763234,47.0732761975452,community_centre,CAB - College Activities,,,,,,,,,,,,,,,,,,,,,,,,,,,,,,,
-122.3112677,47.5797302975452,community_centre,Centilia Cultural Center,,,,,,,,,,,,,,,,,,,,,,,,,,,,,,,
-123.1653449,46.8108734975452,community_centre,Chehalis Tribe Youth Center,420,Howanut Road,Oakville,98568,,WA,,,,,,,,,,,,,,,,,,,,,,,,,
-122.3312717,47.6012773975452,community_centre,Chief Seattle Club,410,2nd Avenue Extension South,Seattle,98104,,,206-292-6214,,,,,,,,,,,,,,,,,,,,,,,,
-122.3563866,47.9780025975452,community_centre,Clinton Community Hall,,,,,,,,,,,,,,,,,,,,,,,,,,,,,,,
-122.8901586,47.0426082975452,community_centre,Community Services Division,712,Pear Street Southeast,Olympia,98501,,WA,,,,,,,,,,,,,,,,,,,,,,,,,
-122.4566081,48.0233716975452,community_centre,Deer Lagoon Grange,,,,,,,,,,,,,,,,,,,,,,,,,,,,,,,
-122.0041958,47.3098308975452,community_centre,Diamond Lodge,,,,,,,,,,,,,,,,,,,,,,,,,,,,,,,
-122.3404844,47.4666986975452,community_centre,Discover Burien,427,Southwest 152nd Street,Burien,98166-2208,https://www.discoverburien.org/,WA,1 (206) 433-2882,,,Discover Burien is small independent non-profit service organization dedicated to economic development and community engagement in Burien. The work we do is similar to a local chamber of commerce.,,,,,,,,,,assistant@discoverburien.org,,,,,,,,,,,
-122.3504104,47.6512884975452,community_centre,Doric Lodge No. 92,619,North 36th Street,Seattle,98103,http://www.dorictemple.org,WA,,,no,A small civic meeting space.,,,,,,,,,,,,,,,,,,,Doric Masonic Temple,,
-122.5004201,48.0068800975452,community_centre,Eagles,,,,,,,,,,,,,,,,,,,,,,,,,,,,,,,
-120.5485158,46.9966823975452,community_centre,Ellensburg Downtown Association,119,West 5th Avenue,Ellensburg,98926,https://ellensburgdowntown.org,WA,,,,,,,,,,,,,,,,,,,,,,,,,
-121.9892002,47.2167585975452,community_centre,Enumclaw Masonic Center - Crescent Lodge,,,,,,,,,,,,,,,,,,,,,,,,,,,,,,,
-122.0146274,47.1998949975452,community_centre,Enumclaw Moose Lodge,,,,,,,,,,,,,,,,,,,,,,,,,,,,,,,
-122.0298312,47.5298485975452,community_centre,Fleming Arts Center,,,,,,,,,,,,,,,,,,,,,,,,,,,,,,,
-122.3708562,48.2430475975452,community_centre,Floyd Norgaard Cultural Center,,,,,,,,,,,sahs-fncc.org,,,,,,,,,,,,,,,,,,,,
-122.2129561,47.3016465975452,community_centre,Fraternal Order of Eagles,,,,,,,,,,,,,,,,,,,,,,,,,,,,,,,
-122.1647029,47.7190455975452,community_centre,Friends Youth,,,,,,,,,,,,,,,,,,,,,,,,,,,,,,,
-121.63698,47.1451452975452,community_centre,Greenwater Community Center,,,,,,,,,,,,,,,,,,,,,,,,,,,,,,,
-122.8872985,47.2760809975452,community_centre,Harstine Island Community Center,,,,,,,,,,,,,,,,,,,,,,,,,,,,,,,
-122.3253433,47.5955977975452,community_centre,Huang Clan Association,,,,,,,,,,,,,,,,,,,,,,,,,,,,,,,
-122.3254225,47.4005463975452,community_centre,Independent Order of Odd Fellows - Des Moines Lodge #305,,,,,,,,,,,,,,,,,,,,,,,,,,,,,,,
-122.3226387,47.5960270975452,community_centre,International District/Chinatown Community Center,719,8th Avenue South,Seattle,98104,,,,,,,,,,,,,,,,,,,,,,,,,,,
-122.3390784,47.5605109975452,community_centre,IsGood Woodworks,,,,,https://www.isgoodwoodworks.com,,,,,Woodworking shop with classes and rental,,,,,,,,,,,,,,,,,,,,,
-122.3120263,47.5976422975452,community_centre,Japanese Cultural & Community Center,1414,South Weller Street,Seattle,98144,https://jcccw.org,,+1 206-323-0250,,,,,,,,,,,,,,,,,,,,,,,,
-122.3344444,47.5152778975452,community_centre,Jim Wiley Community Center,,,,,,WA,,,,,,,,,,,,82,,,,,,,,,,,,,
-122.4787181,48.7512745975452,community_centre,Kaleidoscope,,,,,https://www.facebook.com/wherevisionscomealive/,,,,,,,,,,,,,,,,,,,,,,,,,,
-122.2477155,47.7519108975452,community_centre,Kenmore Senior Center,,,,,,,,,,,,,,,,,,,,,,,,,,,,,,,
-122.2498515,47.3817076975452,community_centre,Kent Community Service Center,1313,West Meeker Street,Kent,98032,,,,,,,,,,,,,,,,,,,,,,,,,,,
-122.3371437,47.6051820975452,community_centre,Kids Centre,,,,,,,,,,,,,,,,,,,,,,,,,,,,,,,
-122.5089726,48.7117437975452,community_centre,Lairmont,,,,,http://www.lairmontmanor.com,,,,,,,,Lairmont Manor,,,,,,,,,,,,,,,,,,
-122.0534504,47.3416964975452,community_centre,Lake Sawyer Community Club,,,,,,,,,,,,,,,,,,,,,,,,,,,,,,,
-122.450461,48.9444244975452,community_centre,Lynden Community Senior Center,401,Grover Street,Lynden,98264,http://lyndencommunitycenter.org,WA,+1-360-354-4501,,,,Lynden Community Senior Center,,,,,,,,,LynCmCtr.Manager@gmail.com,,,,,,,,,,,
-122.3065112,47.5961974975452,community_centre,Martin Luther King Jr Day Home Center,,,,,,,,,,,,,,,,,,,,,,,,,,,,,,,
-122.5111628,47.2999002975452,community_centre,Mary Joyce Community Center,,,,,https://www.rustonwa.org/services/parks/community-center,,,,,,,,,,,,,,,,,,,,,,,,,,
-122.0043071,47.3098226975452,community_centre,Masonic Center,,,,,,,,,,,,,,,,,,,,,,,,,,,,,,,
-121.3618731,47.7082220975452,community_centre,Masonic Lodge,,,,,,,,,,,,,,,,,,,,,,,,,,,,,,,
-122.2620345,47.3817371975452,community_centre,Meet at the Green Conference Space,24437,Russell Road South,Kent,98032,,,,,,,,,,,,,,,,,,,,,,,,114,,,
-122.2901728,47.5388725975452,community_centre,Microsoft Gathering Hall,,,,,,,,,,,,,,,,,,,,,,,,,,,,,,,
-122.9690039,47.0749779975452,community_centre,MODS,,,,,,,,,,,,,,,,,,,,,,,,,,,,,,,
-123.0200922,48.5309004975452,community_centre,Mullis Community Senior Center,589,Nash Street,Friday Harbor,98250,,WA,,,,,,,,,,,,,,,,,,,,,,,,,
-122.4049446,47.2997046975452,community_centre,Norpoint Community Center,,,,,,,,,,,,,,,,,,,,,,,,,,,,,,,
-122.5402985,48.8315315975452,community_centre,North Bellingham Grange #201,5255,Northwest Road,,,,,,,,,,,,,,,,,,,,,,,,,,,,,
-122.4757093,47.2553749975452,community_centre,North End Social Club,,,,,,,,,,,,,,,,,,,,,,,,,,,,,,,
-122.2120478,47.9107127975452,community_centre,Northwest,,,,,,,,,,,,,Northwest Music Hall,,,,,,,,,,,,,,,,,,
-122.4649373,47.4339591975452,community_centre,O Space,,,,,,,,,yes,,,,,,,,,,,,,,,,,,,,,,
-122.4524023,47.2532139975452,community_centre,People's Community Center,,,,,,,,,,,,,,,,,,,,,,,,,,,,,,,
-122.2412904,47.2034079975452,community_centre,Phoenix Lodge 154,1009,Main Street,,,,,,,,,,,,,,,,,,,,,,,,,,,,,
-122.4074391,47.2298991975452,community_centre,Portland Avenue Center,,,,,,,,,,,,,,,,,,,,,,,,,,,,,,,
-122.6458799,47.7355346975452,community_centre,Poulsbo Town Hall,,,,,,,,,,,,,,,,,,,,,,,,,,,,,,,
-121.9859015,47.2019300975452,community_centre,Rainer Hills YoungLife,,,,,,,,,,,,,,,,,,,,,,,,,,,,,,,
-122.4410388,47.2357850975452,community_centre,REACH Youth Center,,,,,,,,,,,,,,,,,,,,,,,,,,,,,,,
-122.4254214,48.3658022975452,community_centre,Rexville Grange,1919,Rexville Grange Road,,98273,,,,,,,,,Rexville Grange,,,,,,,,,,,,,,,,,,
-122.7459108,45.8170338975452,community_centre,Ridgefield Community Center,,,,,,,,,,,,,,,,,,,,,,,,,,,,,,,
-123.0963907,46.8221521975452,community_centre,Rochester Community Center & School District Offices,,,,,,,,,,,,,,,,,,,,,,,,,,,,,,,
-123.0941757,46.8225369975452,community_centre,Rochester Lion's Club,18214,Corvallis Street Southwest,Rochester,98579,,WA,,,,,,,,,,,,,,,,,,,,,,,,,
-122.5095025,47.6650405975452,community_centre,Rolling Bay Hall,,,,,,,,,,,,,,,,,,,,,,,,,,,,,,,
-122.3070547,47.6254868975452,community_centre,Russian Community Center of Seattle,704,19th Avenue East,Seattle,98112,,WA,,,,,,,Russian Community Center of Seattle,,,,,,,,,,,,,,,,,,
-121.7631215,47.4831809975452,community_centre,Sallal Grange,,,,,,,,,,,,,,,,,,,,,,,,,,,,,,,
-122.2028005,47.5025959975452,community_centre,Seattle Family Regional Center,80,,,,,,,,,,,,,,,,,,,,,,,,,,,,,,
-122.9761376,47.0725756975452,community_centre,Seminar II,,,,,,,,,,,,,,,,,,,,,,,,,,,,,,,
-122.5080997,47.2923900975452,community_centre,Senior Center,,,,,,,,,,,,,,,,,,,,,,,,,,,,,,,
-122.0053169,47.3182495975452,community_centre,Sons of Italy Black Diamond Lodge #1809,,,,,,,,,,,,,,,,,,,,,,,,,,,,,,,
-122.6475318,47.7351919975452,community_centre,Sons of Norway Hall,,,,,,,,,,,,,,,,,,,,,,,,,,,,,,,
-122.4029549,48.0346583975452,community_centre,South Whidbey Community Center,723,Camano Avenue,Langley,98260,https://southwhidbeycommunitycenter.org/,WA,,,,,,,,,,,,,,,,,,,,,,,,,
-117.412577,47.6609810975452,community_centre,Spokane Convention Center,334,West Spokane Falls Boulevard,Spokane,99201,,,,,,,,,,,,,,,,,,,,,,,,,,,
-122.5922356,47.1704803975452,community_centre,Steilacoom Community Center,2301,Worthington Street,Steilacoom,98388,,WA,,,,,,,,,,,,,,,,,,,,,,,,,
-122.2349945,47.2028967975452,community_centre,Sumner Bonney Lake Family Center,,,,,,,,,,,,,,,,,,,,,,,,,,,,,,,
-122.2445619,47.2046041975452,community_centre,Sumner Community Center,,,,,,,,,,,,,,,,,,,,,,,,,,,,,,,
-122.2232115,47.2005531975452,community_centre,Sumner Senior Center,,,,,,,,,,,,,,,,,,,,,,,,,,,,,,,
-123.0977021,46.8173092975452,community_centre,Swede Hall - Event Center,18543,Albany Street Southwest,Rochester,98579,http://www.swedehall.com/,WA,(360) 273-7974,,,"Spectacular 1940’s Venue in South Thurston County rated for 299 guests located midway between Seattle and Portland. Located at 18543 Albany Street in Rochester, WA.",,,,,,,,,,swedehall@yahoo.com,,,,,,,,,,,
-122.1367992,47.6030024975452,community_centre,The Club Teen Center,,,,,,,,,,,,,,,,,,,,,,,,,,,,,,,
-122.0850509,47.3629844975452,community_centre,Timberlane Homes Association,,,,,,,,,,,,,,,,,,,,,,,,,,,,,,,
-122.2454391,47.4823919975452,community_centre,Ukrainian Community Center,,,,,,,,,,,,,,,,,,,,,,,,,,,,,,,
-122.4414468,47.2587573975452,community_centre,Union Club,,,,,,,,,,,,,,,,,,,,,,,,,,,,,,,
-122.4868678,48.7421267975452,community_centre,VFW Post 1585,,,,,,,,,,,,,,,,,,,,,,,,,,,,,,,
-122.2336105,47.1956725975452,community_centre,VFW Post 3070,,,,,,,,,,,,,,,,,,,,,,,,,,,,,,,
-122.4770345,48.7558908975452,community_centre,Whatcom County Senior Center,315,Halleck Street,Bellingham,,,,,,,,,,,,,,,,,,,,,,,,,,,,
-122.9260666,48.4998718975452,community_centre,Woodmen Hall,,,,,,,,,,,,,,,,,,,,,,,,,,,,,,,
-122.6452658,48.3005504975452,community_centre,WorkSource Whidbey,265 (Unit #102),Northeast Kettle Street,,98277,http://WorkSourceWA.com,,(360) 675-5966,,,,,,WorkSource Whidbey,,,,,,,,,,,,,,,,,,
-122.216451,47.3113639975452,community_centre,Young Life,,,,,,,,,,,,,,,,,,,,,,,,,,,,,,,
-122.2583377,46.8650694975452,community_centre,,,,,,,,,,,,,,,,,,,,,,,,,,,,,,,,
-122.3412888,47.5031707975452,community_centre,,,,,,,,,,,,,,,,,,,,,,,,,,,,,,,,
-122.0287069,47.7078253975452,community_centre,,,,,,,,,,,,,,,,,,,,,,,,,,,,,,,,
-123.0767944,48.9844202975452,community_centre,,,,,,,,,,,,,,,,,,,,,,,,,,,,,,,,
-124.6277677,48.3682401975452,community_centre,,,,,,,,,,,,,,,,,,,,,,,,,,,,,,,,
-122.377524,47.8105797975452,fountain,Al Kincaid Memorial Fountain,,,,,,,,,,,,,,,Benson Shaw,,,,,,,,,,,,,,,,
-122.6515487,45.6356231975452,fountain,Anderson Fountain,,,,,,,,,,,,,,,,,,,,,,,,,,,,,,,
-122.1412748,47.6422481975452,fountain,Building 99 Fountain,,,,,,,,,,,,,,,,,,,,,,,,,,,,,,,
-117.4219578,47.6374176975452,fountain,Cannon Hill Fountain,,,,,,,,,,,,,,,,,,,,,,,,,,,,,,,
-122.3338552,47.6019630975452,fountain,Chief Seattle Fountain,,,,,,,,,,Bronze bust of Chief Seattle adorning a cast iron fountain basin.',,,,,James Wehn,artwork,sculpture,,1909,,,Pioneer Square Park,"Bronze, cast iron",PIONEER PLACE PARK,PR74.064,,,,,,
-122.3537762,47.6229077975452,fountain,Fountain Of Creation,,,,,,,,,,"Three separate art works: evolution of man / tree of life; flight of gulls; and seaweed in cast bronze placed in an undulating basin that is 40x120'.",,,,,Everett Dupen,artwork,sculpture,,1962,,,Key Arena North Court,"Bronze, colored concrete",1964 WORLD'S FAIR,GCK74.031a-c,,,,Dupen Fountain,,
-122.3524167,47.6242817975452,fountain,Fountain Of The Northwest,201,Mercer Street,Seattle,98109,,,,,,"Welded assemblage of bold cast bronze shapes evocative of the rocks, forests and waterfalls of the NW, conduits carry water throughout the sculpture which has been tapped into at multiple points to create a cloak around the sculpture.",,,,,James Fitzgerald,artwork,sculpture,,1962,,,"Intiman Playhouse, entrance court",Welded cast bronze,SEATTLE CENTER INTIMAN THEATRE,GCK74.069,,,,,,
-122.332823,47.6063082975452,fountain,Fountain of Wisdom,1000,4th Avenue,Seattle,98104,,,,,,,,,,,George Tsutakawa,artwork,sculpture,,1957-60,,,"Central Library, Spring St Plaza",Welded bronze,CENTRAL LIBRARY,ESD00.074.02,,,,,,
-123.8174516,46.9759650975452,fountain,George Tsutakawa Fountain,,,,,,,,,,,,,,,,,,,,,,,,,,,,,,,
-122.2065068,47.6759672975452,fountain,Giving Back,,,,,,,,,,,,,,,Kate Martin,artwork,,,,,,,,,,,,,,,
-122.3190098,47.6100557975452,fountain,Gratias Agimus,,,,,,,,,yes,,,,,,,,,,,,,,,,,,,,,,
-122.7572512,48.1151983975452,fountain,Haller Fountain,,,,,,,,,,,,,,,,,,,,,,,,,,,,,,,
-122.9366883,46.1420051975452,fountain,Pickett Plaza,,,,,,,,,,,,,,,,,,,,,,,,,,,,,,,
-122.5213308,47.6270076975452,fountain,Public Pavilion Fountain,,,,,,,,,,,,,,,,,,,,,,,,,,,,,,,
-117.4211003,47.6605700975452,fountain,Riverfront Park Fountain,,,,,,,,,,,,,,,,,,,,,,,,,,,,,,,
-122.3078101,47.6538083975452,fountain,The Drumheller Fountain,3900,Rainier Vista Northeast,Seattle,98118,,,,,,,,,The Drumheller Fountain,,,,,,,,,,,,,,,,,,
-122.3194957,47.6180942975452,fountain,Water Works,,,,,,,,,,"The Source element is approximately 35 feet in diameter, and 12’ high; water flows out of the top over granite cobbles. The center of the cone is offset, so that the north side is sloped more gently and the water flowing down the surface will be softer",,,,,Douglas Hollis,artwork,sculpture,,11/1/05,,,Park - Cal Anderson Park,"Water, granite, metal",LINCOLN RESERVOIR,SPU05.053,,,,,,
-122.3486978,47.6105551975452,fountain,,,,,,,,,,,A small fountain shaped like a fish.,,,,,,,,,,,,,,,,,,,,,
-122.186716,48.0879990975452,fountain,,,,,,,,,,,,,,,,,artwork,statue,,,,,,,,,,,,,,
-118.3306568,46.0700464975452,fountain,,,,,,,,,,,,,,,,,,,,,,,,,,,,,,,,
-119.2672329,46.2658423975452,fountain,,,,,,,,,,,,,,,,,,,,,,,,,,,,,,,,
-119.2669245,46.2668788975452,fountain,,,,,,,,,,,,,,,,,,,,,,,,,,,,,,,,
-117.5828827,47.4913446975452,fountain,,,,,,,,,,,,,,,,,,,,,,,,,,,,,,,,
-117.3632436,47.6750384975452,fountain,,,,,,,,,,,,,,,,,,,,,,,,,,,,,,,,
-117.4117496,47.6344021975452,fountain,,,,,,,,,,,,,,,,,,,,,,,,,,,,,,,,
-117.4178436,47.6602742975452,fountain,,,,,,,,,,,,,,,,,,,,,,,,,,,,,,,,
-117.4712148,47.6596275975452,fountain,,,,,,,,,,,,,,,,,,,,,,,,,,,,,,,,
-122.4805902,45.6167847975452,fountain,,,,,,,,,,,,,,,,,,,,,,,,,,,,,,,,
-122.4863127,45.6130204975452,fountain,,,,,,,,,,,,,,,,,,,,,,,,,,,,,,,,
-122.4959157,45.6131193975452,fountain,,,,,,,,,,,,,,,,,,,,,,,,,,,,,,,,
-122.4955689,45.6134410975452,fountain,,,,,,,,,,,,,,,,,,,,,,,,,,,,,,,,
-122.4957427,45.6153827975452,fountain,,,,,,,,,,,,,,,,,,,,,,,,,,,,,,,,
-122.5092854,45.5953561975452,fountain,,,,,,,,,,,,,,,,,,,,,,,,,,,,,,,,
-122.5134081,45.5960970975452,fountain,,,,,,,,,,,,,,,,,,,,,,,,,,,,,,,,
-122.5021617,45.6131886975452,fountain,,,,,,,,,,,,,,,,,,,,,,,,,,,,,,,,
-122.5021617,45.6135039975452,fountain,,,,,,,,,,,,,,,,,,,,,,,,,,,,,,,,
-122.5401901,45.6219079975452,fountain,,,,,,,,,,,,,,,,,,,,,,,,,,,,,,,,
-122.5405206,45.6221282975452,fountain,,,,,,,,,,,,,,,,,,,,,,,,,,,,,,,,
-122.5498855,45.6207925975452,fountain,,,,,,,,,,,,,,,,,,,,,,,,,,,,,,,,
-122.610186,45.6124683975452,fountain,,,,,,,,,,,,,,,,,,,,,,,,,,,,,,,,
-122.5487796,45.6361946975452,fountain,,,,,,,,,,,,,,,,,,,,,,,,,,,,,,,,
-122.6542397,45.6262881975452,fountain,,,,,,,,,,,,,,,,,,,,,,,,,,,,,,,,
-122.6522733,45.7178893975452,fountain,,,,,,,,,,,,,,,,,,,,,,,,,,,,,,,,
-122.5233662,45.7744533975452,fountain,,,,,,,,,,,,,,,,,,,,,,,,,,,,,,,,
-122.6711041,45.8633949975452,fountain,,,,,,,,,,,,,,,,,,,,,,,,,,,,,,,,
-122.6725306,45.8627502975452,fountain,,,,,,,,,,,,,,,,,,,,,,,,,,,,,,,,
-122.7468165,45.9109284975452,fountain,,,,,,,,,,,,,,,,,,,,,,,,,,,,,,,,
-122.7469592,45.9113661975452,fountain,,,,,,,,,,,,,,,,,,,,,,,,,,,,,,,,
-122.8319162,45.9863507975452,fountain,,,,,,,,,,,,,,,,,,,,,,,,,,,,,,,,
-122.9521313,46.1368855975452,fountain,,,,,,,,,,,,,,,,,,,,,,,,,,,,,,,,
-122.9480973,46.1460384975452,fountain,,,,,,,,,,,,,,,,,,,,,,,,,,,,,,,,
-120.6696723,47.5777104975452,fountain,,,,,,,,,,,,,,,,,,,,,,,,,,,,,,,,
-120.6656251,47.5945351975452,fountain,,,,,,,,,,,,,,,,,,,,,,,,,,,,,,,,
-121.9907701,47.6694017975452,fountain,,,,,,,,,,,,,,,,,,,,,,,,,,,,,,,,
-122.2325644,47.1197838975452,fountain,,,,,,,,,,,,,,,,,,,,,,,,,,,,,,,,
-122.2943126,47.1840131975452,fountain,,,,,,,,,,,,,,,,,,,,,,,,,,,,,,,,
-122.5489345,47.1088021975452,fountain,,,,,,,,,,,,,,,,,,,,,,,,,,,,,,,,
-122.549545,47.1089020975452,fountain,,,,,,,,,,,,,,,,,,,,,,,,,,,,,,,,
-122.550039,47.1089067975452,fountain,,,,,,,,,,,,,,,,,,,,,,,,,,,,,,,,
-122.9399228,47.0863338975452,fountain,,,,,,,,,,,,,,,,,,,,,,,,,,,,,,,,
-122.5277074,47.2478472975452,fountain,,,,,,,,,,,,,,,,,,,,,,,,,,,,,,,,
-122.5304757,47.2475753975452,fountain,,,,,,,,,,,,,,,,,,,,,,,,,,,,,,,,
-122.5306416,47.2492225975452,fountain,,,,,,,,,,,,,,,,,,,,,,,,,,,,,,,,
-122.2288932,47.2622117975452,fountain,,,,,,,,,,,,,,,,,,,,,,,,,,,,,,,,
-122.1793172,47.3122401975452,fountain,,,,,,,,,,,,,,,,,,,,,,,,,,,,,,,,
-122.0505254,47.3557489975452,fountain,,,,,,,,,,,,,,,,,,,,,,,,,,,,,,,,
-122.1776506,47.3139341975452,fountain,,,,,,,,,,,,,,,,,,,,,,,,,,,,,,,,
-122.1266261,47.3699142975452,fountain,,,,,,,,,,,,,,,,,,,,,,,,,,,,,,,,
-122.2990307,47.2976139975452,fountain,,,,,,,,,,,,,,,,,,,,,,,,,,,,,,,,
-122.299046,47.2983161975452,fountain,,,,,,,,,,,,,,,,,,,,,,,,,,,,,,,,
-122.299619,47.2990792975452,fountain,,,,,,,,,,,,,,,,,,,,,,,,,,,,,,,,
-122.3227848,47.3053597975452,fountain,,,,,,,,,,,,,,,,,,,,,,,,,,,,,,,,
-122.449889,47.2613006975452,fountain,,,,,,,,,,,,,,,,,,,,,,,,,,,,,,,,
-122.4498696,47.2615325975452,fountain,,,,,,,,,,,,,,,,,,,,,,,,,,,,,,,,
-122.1562805,47.3790313975452,fountain,,,,,,,,,,,,,,,,,,,,,,,,,,,,,,,,
-122.1566384,47.3793245975452,fountain,,,,,,,,,,,,,,,,,,,,,,,,,,,,,,,,
-122.2351672,47.3824094975452,fountain,,,,,,,,,,,,,,,,,,,,,,,,,,,,,,,,
-122.2083786,47.4780906975452,fountain,,,,,,,,,,,,,,,,,,,,,,,,,,,,,,,,
-122.2594595,47.3870352975452,fountain,,,,,,,,,,,,,,,,,,,,,,,,,,,,,,,,
-122.2586278,47.3899518975452,fountain,,,,,,,,,,,,,,,,,,,,,,,,,,,,,,,,
-122.4612265,47.4506896975452,fountain,,,,,,,,,,,,,,,,,,,,,,,,,,,,,,,,
-123.1950081,47.4083735975452,fountain,,,,,,,,,,,,,,,,,,,,,,,,,,,,,,,,
-122.2036284,47.5303602975452,fountain,,,,,,,,,,,,,,,,,,,,,,,,,,,,,,,,
-122.203961,47.5303131975452,fountain,,,,,,,,,,,,,,,,,,,,,,,,,,,,,,,,
-122.0334422,47.5869116975452,fountain,,,,,,,,,,,,,,,,,,,,,,,,,,,,,,,,
-122.0585959,47.5942685975452,fountain,,,,,,,,,,,,,,,,,,,,,,,,,,,,,,,,
-122.1227715,47.6174180975452,fountain,,,,,,,,,,,,,,,,,,,,,,,,,,,,,,,,
-122.1371033,47.5840075975452,fountain,,,,,,,,,,,,,,,,,,,,,,,,,,,,,,,,
-122.1495478,47.5844054975452,fountain,,,,,,,,,,,,,,,,,,,,,,,,,,,,,,,,
-122.1517208,47.5960243975452,fountain,,,,,,,,,,,,,,,,,,,,,,,,,,,,,,,,
-122.1793,47.6091845975452,fountain,,,,,,,,,,,,,,,,,,,,,,,,,,,,,,,,
-122.1296767,47.6193984975452,fountain,,,,,,,,,,,,,,,,,,,,,,,,,,,,,,,,
-122.1815434,47.6200610975452,fountain,,,,,,,,,,,,,,,,,,,,,,,,,,,,,,,,
-122.1814187,47.6202229975452,fountain,,,,,,,,,,,,,,,,,,,,,,,,,,,,,,,,
-122.1817231,47.6202455975452,fountain,,,,,,,,,,,,,,,,,,,,,,,,,,,,,,,,
-122.1883376,47.6067065975452,fountain,,,,,,,,,,,,,,,,,,,,,,,,,,,,,,,,
-122.1979822,47.6187582975452,fountain,,,,,,,,,,,,,,,,,,,,,,,,,,,,,,,,
-122.1960518,47.6195451975452,fountain,,,,,,,,,,,,,,,,,,,,,,,,,,,,,,,,
-122.3227667,47.6109153975452,fountain,,,,,,,,,,,,,,,,,,,,,,,,,,,,,,,,
-122.3326595,47.6101966975452,fountain,,,,,,,,,,,,,,,,,,,,,,,,,,,,,,,,
-122.3194809,47.6177568975452,fountain,,,,,,,,,,,,,,,,,,,,,,,,,,,,,,,,
-122.3534699,47.6173123975452,fountain,,,,,,,,,,,,,,,,,,,,,,,,,,,,,,,,
-122.3535796,47.6173783975452,fountain,,,,,,,,,,,,,,,,,,,,,,,,,,,,,,,,
-122.0847344,47.6635755975452,fountain,,,,,,,,,,,,,,,,,,,,,,,,,,,,,,,,
-122.1357947,47.6274602975452,fountain,,,,,,,,,,,,,,,,,,,,,,,,,,,,,,,,
-122.1365064,47.6439227975452,fountain,,,,,,,,,,,,,,,,,,,,,,,,,,,,,,,,
-122.1370505,47.6442927975452,fountain,,,,,,,,,,,,,,,,,,,,,,,,,,,,,,,,
-122.1373184,47.6442882975452,fountain,,,,,,,,,,,,,,,,,,,,,,,,,,,,,,,,
-122.1443388,47.6538300975452,fountain,,,,,,,,,,,,,,,,,,,,,,,,,,,,,,,,
-122.1923736,47.6574385975452,fountain,,,,,,,,,,,,,,,,,,,,,,,,,,,,,,,,
-122.2011809,47.6753453975452,fountain,,,,,,,,,,,,,,,,,,,,,,,,,,,,,,,,
-122.0689889,47.7238641975452,fountain,,,,,,,,,,,,,,,,,,,,,,,,,,,,,,,,
-122.1481244,47.6903012975452,fountain,,,,,,,,,,,,,,,,,,,,,,,,,,,,,,,,
-122.1944239,47.6960974975452,fountain,,,,,,,,,,,,,,,,,,,,,,,,,,,,,,,,
-122.1921037,47.6972046975452,fountain,,,,,,,,,,,,,,,,,,,,,,,,,,,,,,,,
-122.190509,47.6980972975452,fountain,,,,,,,,,,,,,,,,,,,,,,,,,,,,,,,,
-122.1915276,47.6975941975452,fountain,,,,,,,,,,,,,,,,,,,,,,,,,,,,,,,,
-122.1962216,47.6956664975452,fountain,,,,,,,,,,,,,,,,,,,,,,,,,,,,,,,,
-122.1496114,47.7313690975452,fountain,,,,,,,,,,,,,,,,,,,,,,,,,,,,,,,,
-122.1915996,47.7211680975452,fountain,,,,,,,,,,,,,,,,,,,,,,,,,,,,,,,,
-122.333168,47.6275074975452,fountain,,,,,,,,,,,,,,,,,,,,,,,,,,,,,,,,
-122.333489,47.6280535975452,fountain,,,,,,,,,,,,,,,,,,,,,,,,,,,,,,,,
-122.3421212,47.6287595975452,fountain,,,,,,,,,,,,,,,,,,,,,,,,,,,,,,,,
-122.3519818,47.6315623975452,fountain,,,,,,,,,,,,,,,,,,,,,,,,,,,,,,,,
-122.2842922,47.6594355975452,fountain,,,,,,,,,,,,,,,,,,,,,,,,,,,,,,,,
-122.284885,47.6595945975452,fountain,,,,,,,,,,,,,,,,,,,,,,,,,,,,,,,,
-122.2994272,47.6636999975452,fountain,,,,,,,,,,,,,,,,,,,,,,,,,,,,,,,,
-122.3235731,47.6802629975452,fountain,,,,,,,,,,,,,,,,,,,,,,,,,,,,,,,,
-122.3246613,47.7027125975452,fountain,,,,,,,,,,,,,,,,,,,,,,,,,,,,,,,,
-122.3571898,47.6914655975452,fountain,,,,,,,,,,,,,,,,,,,,,,,,,,,,,,,,
-122.2551417,47.7494781975452,fountain,,,,,,,,,,,,,,,,,,,,,,,,,,,,,,,,
-122.6239725,47.5633718975452,fountain,,,,,,,,,,,,,,,,,,,,,,,,,,,,,,,,
-122.6240261,47.5632928975452,fountain,,,,,,,,,,,,,,,,,,,,,,,,,,,,,,,,
-122.6240854,47.5633108975452,fountain,,,,,,,,,,,,,,,,,,,,,,,,,,,,,,,,
-122.6241432,47.5633336975452,fountain,,,,,,,,,,,,,,,,,,,,,,,,,,,,,,,,
-122.6240289,47.5633908975452,fountain,,,,,,,,,,,,,,,,,,,,,,,,,,,,,,,,
-122.6240924,47.5634137975452,fountain,,,,,,,,,,,,,,,,,,,,,,,,,,,,,,,,
-122.6248124,47.5636565975452,fountain,,,,,,,,,,,,,,,,,,,,,,,,,,,,,,,,
-122.5336596,47.6765116975452,fountain,,,,,,,,,,,,,,,,,,,,,,,,,,,,,,,,
-122.1091191,47.8185154975452,fountain,,,,,,,,,,,,,,,,,,,,,,,,,,,,,,,,
-122.1087964,47.8187568975452,fountain,,,,,,,,,,,,,,,,,,,,,,,,,,,,,,,,
-122.2026379,47.8564205975452,fountain,,,,,,,,,,,,,,,,,,,,,,,,,,,,,,,,
-122.2018585,47.8569305975452,fountain,,,,,,,,,,,,,,,,,,,,,,,,,,,,,,,,
-122.2046181,47.8564698975452,fountain,,,,,,,,,,,,,,,,,,,,,,,,,,,,,,,,
-122.2000507,47.8684752975452,fountain,,,,,,,,,,,,,,,,,,,,,,,,,,,,,,,,
-122.3326896,47.7769672975452,fountain,,,,,,,,,,,,,,,,,,,,,,,,,,,,,,,,
-122.3171725,47.8013496975452,fountain,,,,,,,,,,,,,,,,,,,,,,,,,,,,,,,,
-122.3173133,47.8014206975452,fountain,,,,,,,,,,,,,,,,,,,,,,,,,,,,,,,,
-122.3166419,47.8015533975452,fountain,,,,,,,,,,,,,,,,,,,,,,,,,,,,,,,,
-122.3774226,47.8091764975452,fountain,,,,,,,,,,,,,,,,,,,,,,,,,,,,,,,,
-122.3827969,47.8095542975452,fountain,,,,,,,,,,,,,,,,,,,,,,,,,,,,,,,,
-122.2208871,47.9601517975452,fountain,,,,,,,,,,,,,,,,,,,,,,,,,,,,,,,,
-122.2207547,47.9602478975452,fountain,,,,,,,,,,,,,,,,,,,,,,,,,,,,,,,,
-122.2208807,47.9602499975452,fountain,,,,,,,,,,,,,,,,,,,,,,,,,,,,,,,,
-122.2208887,47.9603097975452,fountain,,,,,,,,,,,,,,,,,,,,,,,,,,,,,,,,
-122.2226078,47.9617361975452,fountain,,,,,,,,,,,,,,,,,,,,,,,,,,,,,,,,
-123.8629687,47.9687819975452,fountain,,,,,,,,,,,,,,,,,,,,,,,,,,,,,,,,
-122.1858756,48.0879880975452,fountain,,,,,,,,,,,,,,,,,,,,,,,,,,,,,,,,
-122.1876409,48.0879921975452,fountain,,,,,,,,,,,,,,,,,,,,,,,,,,,,,,,,
-122.1247541,48.1986102975452,fountain,,,,,,,,,,,,,,,,,,,,,,,,,,,,,,,,
-123.4336693,48.1188711975452,fountain,,,,,,,,,,,,,,,,,,,,,,,,,,,,,,,,
-122.5127275,48.7211420975452,fountain,,,,,,,,,,,,,,,,,,,,,,,,,,,,,,,,
-122.4973702,48.7542153975452,fountain,,,,,,,,,,,,,,,,,,,,,,,,,,,,,,,,
-122.3338905,47.5761404975452,nightclub,Aston Manor,2946,1st Avenue South,Seattle,98134,,,,,limited,,,,,Fr-Sa 22:00-02:00,,,,,,,,,,,,,,,,,
-122.8994678,47.0444098975452,nightclub,Big Whisky Saloon,,,,,,,,,,,,,,,,,,,,,,,,,,,,,,,
-122.3068951,47.3170956975452,nightclub,Cafe Arizona,,,,,,,,,,,,,,,,,,,,,,,,,,,,,,,
-122.3403543,47.6088825975452,nightclub,Can Can Burlesque,94,Pike Street,,98101,https://www.thecancan.com/,,1 206-652-0832,,,,,,,,,,,,,,,,,,,,,,,,
-122.3792514,47.6645577975452,nightclub,Cedar Room,4912,Leary Avenue Northwest,Seattle,98107,http://www.cedarroomseattle.com/,,,,,,,,,,,,,,,,,,,,,,,,,,
-122.7575718,48.1142446975452,nightclub,Cellar Door,,,,,,,,,,,,,,Mo-Su 17:00-01:45,,,,,,,,,,,,,,,,,
-122.1837726,48.1495782975452,nightclub,Club Paradise,,,,,,,,,,,,,,,,,,,,,,,,,,,,,,,
-122.3280614,47.6136346975452,nightclub,Club Z,,,,,,,,,,,,,,,,,,,,,,,,,,,,,,,
-122.2844953,47.5573111975452,nightclub,Columbia City Theater,4916,Rainier Avenue South,Seattle,98118,https://columbiacitytheater.com/,,,,,,,,,,,,,,,,,,,,,,,,,,
-122.3793412,47.6685088975452,nightclub,Egan's Ballard Jam House,1707,Northwest Market Street,Seattle,98107,http://www.ballardjamhouse.com/,WA,+1-206-789-1621,,,,,,,,,,,,,,,,,,,,,,,,
-122.3293843,47.6188258975452,nightclub,El Corazón,109,Eastlake Avenue East,Seattle,98109,https://www.elcorazonseattle.com/,,,,,,,,,,,,,,,,,,,,,,,,,,
-122.3293324,47.6228991975452,nightclub,LO-FI Performance Gallery,429,Eastlake Avenue East,Seattle,98109,http://thelofi.net/,WA,,,,,,,,,,,,,,,,,,,,,,,,,
-122.334466,47.5771889975452,nightclub,Monkey Loft,2915,1st Avenue South,Seattle,98134,,,,,,,,,,"Th 20:00-03:00; Fr-Sa 20:00-04:00",,,,,,,,,,,,,,,,,
-122.319574,47.6139590975452,nightclub,Neumos,925,East Pike Street,Seattle,98122,,,,,,,,,,,,,,,,,,,,,,,,,,,
-117.9062623,48.5395679975452,nightclub,Red Bull Nightclub,,,,,,,,,,,,,,,,,,,,,,,,,,,,,,,
-122.3237201,47.6150824975452,nightclub,R Place,619,East Pine Street,Seattle,98122,http://www.rplaceseattle.com/,,,,,,,,,,,,,,,,,,,,,,,,,,
-122.3339289,47.5880461975452,nightclub,Showbox SODO,1700,1st Avenue South,Seattle,98134,https://www.showboxpresents.com/,,,,,,,,,,,,,,,,,,,,,,,,,,
-122.3129191,47.6644389975452,nightclub,Star Karaoke,4744,University Way Northeast,Seattle,98105,,,,,,,,,,,,,,,,,,,,,,,,,,,
-122.3157521,47.6151117975452,nightclub,The Cuff Complex,1533,13th Avenue,Seattle,98122,http://www.cuffcomplex.com,,,Q22022273,,,,,,,,,,,,,,,,,,,,,,,
-122.2056964,47.7597967975452,social_centre,Ashler Lodge #121,10035 1/2,Main Street,Bothell,98011,,,,,,,,,,,,,,,,,,,,,,,,,,,
-122.3986058,47.6684286975452,social_centre,Ballard Northwest Senior Center,5429,32nd Avenue Northwest,Seattle,98107,,,,,,,,,,,,,,,,,,,,,,,,,,,
-122.0366786,47.5321842975452,social_centre,Issaquah Eagles,,,,,,,,,,,,,,,,,,,,,,,,,,,,,,,
-117.3648864,46.8821720975452,social_centre,Masonic Lodge,,,,,,,,,,,,,,,,,,,,,,,,,,,,,,,
-122.4505448,47.2456399975452,social_centre,Prince Hall Masonic Temple,1702,Martin Luther King Jr Way,Tacoma,98405,http://www.mwphglwa.org/,,,,,,,,,,,,,,,,,,,,,,,,,,
-122.336998,48.8114510975452,social_centre,Rome Grange #226 ,2831,Mt. Baker Highway,,,http://www.waymarking.com/waymarks/WME1KD_Rome_Grange_226_Whatcom_County_Rome_WA,,,,,,,,,"We[2,4] 19:00-20:30",,,,,,,,,,,,,,,,,
-122.6586397,48.9301766975452,social_centre,Streets-Pike Post 9474 Custer V.F.W,8000,Portal Way,Baline,,,,,,,Streets-Pike Post 9474  7:00PM - 1st Thursday,,,,Th[1] 19:00-21:00,,,,,,,,,,,,,,,,,
-122.3865617,47.5638301975452,social_centre,West Seattle Eagles,4426,California Avenue Southwest,Seattle,98116,http://westseattleeagles.org,,,,,,,,,,,,,,,,,,,,,,,,,,
-122.3400745,47.6091809975452,stripclub,Deja Vu Showgirls,1510,First Avenue,Seattle,98101,,WA,206-342-9160,,,,,,,"Mo-Sa 11:00-02:30; Su 02:00-02:30",,,,,,,,,,,,,,,,,
-122.3338874,47.5892872975452,stripclub,Dream Girls,1530,1st Avenue South,Seattle,98134,,,,,,,,,,,,,,,,,,,,,,,,,,,
-122.3565498,47.6222283975452,studio,Classical KING FM 98.1,10,Harrison Street,,,,,,,,,,,,,,,,,,,,,,,,,,100,,,
-122.3565215,47.6223782975452,studio,Classical KING FM 98.1,400,Queen Anne Avenue North,Seattle,98109,,,,,,,,,,,,,,,,,,,,,,,,,,,
-121.8236616,47.5267812975452,studio,Davey French Studio,,,,,,,,,,,,,,,,,,,,,,,,,,,,,,,
-122.3300202,47.6057276975452,studio,Entercom Communications,800,5th Avenue,,,https://entercom.com/,,,,,,,radio,,,,,,,,,,,,,,,,1400,,,
-122.2957318,47.3872666975452,studio,ESPN Deportes,,,,,,,,,,,,radio,,,,,,,,,,,,,,,,,,,
-122.3053514,47.6130642975452,studio,Hollow Earth Radio,2018,East Union Street,Seattle,98122,https://www.hollowearthradio.org/,,,,,,,,,,,,,,,,,,,,,,,,,,
-122.4520724,47.2518230975452,studio,Iconic Arts,1120,South 11th Street,Tacoma,98405,https://iconicarts.org/,,+1 253-579-9400,,,,,dance,,,,,,,,,,,,,,,,,,,
-122.3551152,47.6230778975452,studio,KEXP,472,1st Avenue North,Seattle,98109,http://kexp.org,,,,,,,radio,,,,,,,,,,,,,,,,,,,
-122.2849705,47.6019792975452,studio,KXPA AM 1540,114,Lakeside Avenue,Seattle,98122,http://kxpa.com,,,,,,,radio,,,,,,,,,,,,,,,,,,,
-122.2448127,47.3865185975452,studio,La Gran D 99.3 FM,,,,,,,,,,,,radio,,,,,,,,,,,,,,,,,,,
-122.3390661,47.5712498975452,studio,Lawless Forge,,,,,https://lawlessforge.com/,,,,,,,,,,,,,,,,,,,,,,,,,,
-122.2448342,47.3864867975452,studio,La Z 1210 AM,,,,,,,,,,,,radio,,,,,,,,,,,,,,,,,,,
-122.4358664,47.2401315975452,studio,Pacific Studios,,,,,,,,,,,,,,,,,,,,,,,,,,,,,,,
-122.3527783,47.6172617975452,studio,Pure Audio,2908,1st Avenue,Seattle,98121,http://www.pureaudio.com,,,,,,,recording,,,,,,,,,,,,,,,,,,,
-122.4358812,47.2401697975452,studio,Relayer Records,,,,,,,,,,,,,,,,,,,,,,,,,,,,,,,
-122.3162797,47.5482865975452,studio,Self Adhesive Recording,6109,13th Avenue South,Seattle,98108,,WA,,,,,,audio,,,,,,,,,,,,,,,,,,,
-122.4606762,47.4463050975452,studio,Voice of Vashon Radio Station Studio,,,,,,,,,,,,radio,,,,,,,,,,,,,,,,,,,
-122.1650063,47.5781153975452,studio,Warm 106.9,,,,,https://warm1069.com/,,425-373-5545,,,,,,,Mo-Fr 08:00-17:30,,,,,,,,,,,,,,,,,
-122.3339845,47.6091680975452,theatre,5th Avenue Theater,1308,5th Avenue,Seattle,98101,https://www.5thavenue.org/,,206-625-1900,Q386819,,,,,,,,,,,,,,,,,,,,,,,
-123.8855933,46.9775564975452,theatre,7th Streat Theatre,,,,,,,,,,,,,,,,,,,,,,,,,,,,,,,
-122.3323262,47.6108495975452,theatre,ACT Theatre,700,Union Street,Seattle,98101,,,,Q4650897,,,,,,,,,,,,,,,,,,,,,,,
-122.3329153,47.8274782975452,theatre,ampetheater,,,,,,,,,,,,,,,,,,,,,,,,,,,,,,,
-121.9279597,47.6451043975452,theatre,Amphiteater,,,,,,,,,,,,,,,,,,,,,,,,,,,,,,,
-120.6663998,47.6155060975452,theatre,Amphitheater,,,,,,,,,,,US Forest Service,,,,,,,,,,,,,,,,,,,,
-122.6625072,48.4013990975452,theatre,Amphitheater,,,,,,,,,,,,,,,,,,,,,,,,,,,,,,,
-122.1837457,47.5918427975452,theatre,Amphitheatre,,,,,,,,,,,,,,,,,,,,,,,,,,,,,,,
-123.933227,47.8577925975452,theatre,Amphitheatre,,,,,,,,,,,,,,,,,,,,,,,,,,,,,,,
-121.5585025,47.0364696975452,theatre,Ampitheatre,,,,,,,,,,,,,,,,,,,,,,,,,,,,,,,
-122.6175367,48.5145118975452,theatre,Anacortes Community Theater,,,,,,,,,,,,,,,,,,,,,,,,,,,,,,,
-122.3179741,47.6143087975452,theatre,Annex Theater,1100,East Pike Street,Seattle,98122,http://www.annextheatre.org/,,,,,,,,,,,,,,,,,,,,,,,,,,
-122.3870227,47.5607163975452,theatre,ArtsWest,4711,California Avenue Southwest,Seattle,98116,https://www.artswest.org/,,,,,,,,,,,,,,,,,,,,,,,,,,
-122.5183817,47.6260613975452,theatre,Bainbridge Playhouse,,,,,,,,,,,,,,,,,,,,,,,,,,,,,,,
-117.4252653,47.6569634975452,theatre,Bing Crosby Theater,901,West Sprague Avenue,Spokane,99201,,WA,,Q4914123,,,,,,,,,,,,,,,,,,,,,,,
-122.3277636,47.8147423975452,theatre,Black Box Theater,,,,,,,,,,,,,,,,,,1,,,,,,,,,,,,,
-122.350661,47.6217265975452,theatre,Center House Stage,,,,,,,,,,,,,,,,,,,,,,,,,,,,,,,
-121.9896327,47.2048265975452,theatre,Chalet Theatre,1721,Wells Street,,,,,,,,,,,,,,,,,,,,,,,,,,,,,
-122.4545556,48.9420524975452,theatre,Claire Thomas Theatre,655,Front Street,Lynden,98264,http://clairevgtheatre.com,WA,+1-360-354-4425,,,,,,,,,,,,,,,,,,,,,,Claire vg Thomas Theatre,,
-122.339691,47.6148163975452,theatre,Dimitriou's Jazz Alley,2033,6th Avenue,Seattle,98121,http://www.jazzalley.com/,,+1-206-441-9729,,,,,,,,,,,,,,,,,,,,,,,,
-122.375753,47.8142609975452,theatre,Edmonds Center for the Arts,410,4th Avenue North,Edmonds,98020,,,,,,,,,,,,,,,,,,,,,,,,,,,
-122.3777641,47.8108591975452,theatre,Edmonds Theater,,Main Street,Edmonds,98020,,,,,,,,,,,,,,,,,,,,,,,,,,,
-122.2075184,47.9814981975452,theatre,Everett Performing Arts Center,,,,,,,,,,,,,,,,,,,,,,,,,,,,,,,
-122.9741338,47.0724933975452,theatre,Experimental Theater,,,,,,,,,,,,,,,,,,,,,,,,,,,,,,,
-122.3387982,47.6071472975452,theatre,Fe All Theatre,,,,,,,,,,,,,,,,,,,,,,,,,,,,,,,
-122.5001741,48.7198533975452,theatre,Fire House Performing Arts Center,,,,,,,,,,,,,,,,,,,,,,,,,,,,,,,
-122.6599584,45.6888292975452,theatre,Groove Nation,,,,,,,,,,,,,,,,,,,,,,,,,,,,,,,
-122.3658767,47.6593664975452,theatre,Hale's Palladium,,,,,,,,,,,,,,,,,,,,,,,,,,,,,,,
-117.4172413,47.6605855975452,theatre,INB Performing Arts Center,,,,,,,,,,,,,,,,,,,,,,,,,,,,,,,
-122.2009507,47.6756005975452,theatre,Kirkland Performance Center,,,,,,,,Q6415741,,,,,,,,,,,,,,,,,,,,,,,
-122.1171373,47.4791885975452,theatre,Lanback Auditorium,,,,,,,,,,,Liberty High School,,,,,,,,,,,,,,,,,,,,
-120.6727271,47.5878624975452,theatre,Leavenworth Summer Theater Box,,,,,,,,,,,,,,,,,,,,,,,,,,,,,,,
-117.9779773,46.3206560975452,theatre,Liberty theatre,,,,,,,,,,,,,,,,,,,,,,,,,,,,,,,
-122.2266919,47.5920213975452,theatre,Luther Burbank Amphitheatre,,,,,,,,,,,,,,,,,,,,,,,,,,,,,,amphi,
-122.3987295,47.6392499975452,theatre,Magnolia Theater,,,,,,,,,,,,,,,,,,,,,,,,,,,,,,,
-122.0448241,47.3929722975452,theatre,Maple Valley Youth Symphony Orchestra,23220,Maple Valley Black Diamond Road Southeast,Maple Valley,98038,,,,,,,,,,,,,,,,,,,,,,,,,,,
-122.340263,47.6083380975452,theatre,Market Theater,1428,Post Alley,Seattle,98101,https://unexpectedproductions.org/,,,,,,Unexpected Productions,,,,,,,,,,,,,,,,,,,,
-120.1216137,48.3642366975452,theatre,Merc Playhouse,,,Twisp,,,WA,,,,,,,,,,,,,,,,,,,,,,,,,
-122.3414253,47.6117307975452,theatre,Moore Theater,,,,,,,,Q6908241,,,,,,,,,,,,,,,,,,,,,,,
-122.7076961,45.8525183975452,theatre,Muze,,,,,,,,,,,,,,,,,,,,,,,,,,,,,,,
-122.3140309,47.6611364975452,theatre,Neptune Theatre,1303,Northeast 45th Street,,,,,,Q29829461,,,,,,,,,,,,,,,,,,,,,,,
-122.308688,47.6131305975452,theatre,New City Theatre,1406,18th Avenue,Seattle,98122,https://18thandunion.org/,,+12069376499,,yes,,,,,,,,,,,,,,,,,,,,,,
-122.3253542,47.6009837975452,theatre,Nippon Kan Theater,,,,,,WA,,Q7039629,,,,,,,,,,52,,,,,,,,,,,,,
-122.317071,47.6144138975452,theatre,Northwest Film Forum,1515,12th Avenue,Seattle,98122,,,,,yes,,,,,,,,,,,,,,,,,,yes,,,,
-122.3471688,48.3397694975452,theatre,Northwest Theatre Arts at the Conway Muse,,,,,,,,,,,,,,,,,,,,,,,,,,,,,,,
-122.8745484,47.0617538975452,theatre,Olympia Little Theater,,,,,,,,,,,,,,,,,,,,,,,,,,,,,,,
-122.8228408,47.9204556975452,theatre,Olympic Music Festival,,,,,http://www.olympicmusicfestival.org/,,,,,,,,,,,,,,,,,,,,,,,,,,
-122.3581949,47.6258303975452,theatre,On the Boards,100,West Roy Street,Seattle,98119,https://www.ontheboards.org/,,,,,,,,,,,,,,,,,,,,,,,,,,
-122.3040145,47.6011269975452,theatre,open air amphitheatre,,,,,,,,,,,,,open air amphitheatre,,,,,,,,,,,,,,,,,,
-122.4402375,47.2550686975452,theatre,Pantages Theater,,,,,,WA,,,,,,,,,,,,41,,,,,,,,,,,,,
-122.3618835,47.7788923975452,theatre,Phoenix Theatre,9673,Firdale Avenue,Edmonds,98020,https://www.tptedmonds.org/,WA,206-533-2000,,,,,,,,,,,,,,,,,,,,,,,,
-122.3550902,47.6895744975452,theatre,Pocket Theater,8312,Greenwood Avenue North,Seattle,98103,,,,,,,,,,,,,,,,,,,,,,,,,,,
-122.2059827,48.0066095975452,theatre,Rainier Theatre Room,,,,,,,,,,,,,,,,,,,,,,,,,,,,,,,
-117.1812166,46.7301465975452,theatre,Regional Theatre of the Palouse,,,,,,,,,,,,,,,,,,,,,,,,,,,,,,,
-122.1986604,47.6128935975452,theatre,Resonance,,,,,https://resonance.events/,,,,,,,,,,,,,,,,,,,,,,,,,,
-122.4415988,47.2549206975452,theatre,Rialto Theater,310,S 9th St,Tacoma,98402,,WA,,Q7322149,,,,,,,,,,55,,,,,,,,,,,,,"en:Rialto Theater (Tacoma, Washington)"
-123.0200156,48.5366927975452,theatre,San Juan Community Theatre,,,,,,,,,,,,,,,,,,,,,,,,,,,,,,,
-122.3880735,47.5223486975452,theatre,Seattle Civic Dance Theatre,,,,,,,,,,,,,,,,,,,,,,,,,,,,,,,
-122.1197264,47.6700907975452,theatre,SecondStory Repertory,,,,,http://secondstoryrep.org/,,+1-425-881-6777,,,,,,,,,,,,,,,,,,,,,,,,
-122.3394726,47.6085136975452,theatre,Showbox at the Market,1426,1st Avenue,Seattle,98101,http://www.showboxonline.com/index.php,WA,+1 206-628-3151,Q7503150,,,,,,,,,,,,,,,,,,,,,,,en:Showbox at the Market
-122.4394432,47.2525995975452,theatre,SOTA Theatre,,,,,,,,,,,,,,,,,,,,,,,,,,,,,,,
-123.8074676,46.9608970975452,theatre,SouthShore Mall Cinema,,,,,,,,,yes,,,,,,,,,,,,,,,,,,yes,,,,
-122.9001514,47.0451229975452,theatre,State Theater,202,4th Avenue East,Olympia,,,WA,,,,,Harlequin Productions,,,,,,,,,,,,,,,,,,,,
-122.4406046,47.2543864975452,theatre,Tacoma Youth Theatre,,,,,,,,,,,,,,,,,,,,,,,,,,,,,,,
-117.0727557,47.2224612975452,theatre,Tekoa Empire Theater,,,,,http://www.orgsites.com/wa/empire-theatre-tekoa/,,,,,,,,,,,,,,,,,,,,,,,,,,
-122.4457008,47.2624635975452,theatre,Temple Theatre,,,,,,,,Q6783772,,,,,,,,,,,,,,,,,,,,,,,en:Masonic Temple Building-Temple Theater
-122.3239595,47.5988665975452,theatre,Theater Off Jackson,409,7th Avenue South,Seattle,98104,,,,,,,,,,,,,,,,,,,,,,,,,,,
-119.9953794,47.1009943975452,theatre,The Gorge Amphitheatre,,,,,,,,,,,,,,,,,,,,,,,,,,,,,,,
-122.6464297,47.7371479975452,theatre,The Jewel Box Theater,,,,,,,,,,,,,,,,,,,,,,,,,,,,,,,
-122.337685,47.6086439975452,theatre,The Triple Door,216,Union Street,Seattle,98101,http://thetripledoor.net/,,(206) 838-4333,,,,,,,,,,,,,,,,,,,,,,,,
-122.3538774,47.6230993975452,theatre,The Vera Project,305,Harrison Street,Seattle,98109,https://theveraproject.org/,,+1 206-956-8372,,yes,,,,,,,,,,,,,,,,,,,,,,
-122.482113,48.7502890975452,theatre,UpFront Theatre,1208,Bay Street,Bellingham,98225,https://theupfront.com/,,,,,,,,,,,,,,,,,,,,,,,,,,
-122.4606675,47.4456136975452,theatre,Vashon Theatre,,,,,,,,,,,,,,,,,,,,,,,,,,,,,,,
-122.0368435,47.5330451975452,theatre,Village Theatre,303,303 Front Street North,Issaquah,98027,https://villagetheatre.org/issaquah/,,+1-425-392-2202,,,,,,,,,,,,,,,,,,,,,,,,
-122.0363852,47.5316592975452,theatre,Village Theatre First Stage,120,Front Street North,,,https://villagetheatre.org/issaquah/kidstage-issaquah.php,,,,,,,,,,,,,,,,,,,,,,,,,,
-122.364982,47.8103212975452,theatre,Wade James Theatre,,,,,,,,,,,,,,,,,,,,,,,,,,,,,,,
-122.3329041,47.5931540975452,theatre,WaMu Theater,,,,,,,,,,,,,,,,,,,,,,,,,,,,,,,
-122.9001019,47.0437498975452,theatre,Washington Center for the Performing Arts,512,Washington Street Southeast,Olympia,,,WA,,,,,,,,,,,,,,,,,,,,,,,,,
-122.3563132,47.6524012975452,theatre,West of Lenin,203,North 36th Street,Seattle,98103,,,,,,,,,,,,,,,,,,,,,,,,,,,
-122.8172279,48.0682340975452,theatre,Wheel-In-Motor Movie Drive In,210,Theater Road,Port Townsend,98368,http://www.ptwheelinmotormovie.com/,WA,,,,,,,,,,,,,,,,,,,,,,,,,
-122.6394694,45.7319212975452,theatre,,,,,,,,,,,amphitheater,,,,,,,,,,,,,,,,,,,,,
-122.3401832,47.4671870975452,theatre,,,,,,,,,,,,,,,,,,,,,,,,,,,,,,,amphi,
-122.3405435,47.4716869975452,theatre,,,,,,,,,,,,,,,,,,,,,,,,,,,,,,,amphi,
-122.4065626,47.3166046975452,theatre,,,,,,,,,,,,,,,,,,,,,,,,,,,,,,,open_air,
-122.1181205,48.1984080975452,theatre,,,,,,,,,,,,,,,,,,,,,,,,,,,,,,,open_air,
-119.1224288,46.2510917975452,theatre,,,,,,,,,,,,,,,,,,,,,,,,,,,,,,,,
-122.4939229,45.6145571975452,theatre,,,,,,,,,,,,,,,,,,,,,,,,,,,,,,,,
-122.7464959,45.8151669975452,theatre,,,,,,,,,,,,,,,,,,,,,,,,,,,,,,,,
-122.6702877,45.8615151975452,theatre,,,,,,,,,,,,,,,,,,,,,,,,,,,,,,,,
-122.218412,46.2749312975452,theatre,,,,,,,,,,,,,,,,,,,,,,,,,,,,,,,,
-124.3756998,47.6120615975452,theatre,,,,,,,,,,,,,,,,,,,,,,,,,,,,,,,,
-123.7981237,48.0596306975452,theatre,,,,,,,,,,,,,,,,,,,,,,,,,,,,,,,,
-123.1503278,48.6059079975452,theatre,,,,,,,,,,,,,,,,,,,,,,,,,,,,,,,,
